Дата-центр Dream.net.ua;50.4241679;30.5208376
ДЭУ Шевченковского района;50.4206151;30.5151352
ЗАО Трикотажная фабрика  Роза ;50.4261603;30.5050394
ПАО «Киевский завод  Радар »;50.4235232;30.5252914
ЧАО «Биофарма»;50.4242413;30.5022901
;50.4181267;30.5192926
Киевская швейная фабрика  Воронин ;50.4337474;30.5066461
Хлебокомбинат № 1 (не действует);50.4198016;30.5274546
ООО  МИРС ;50.4149256;30.5186194
;50.4149205;30.5247804
Опытный завод сварочных материалов Института электросварки им. Е. О. Патона;50.4154726;30.5289245
ООО  Киевгума ;50.4105858;30.5156006
Бывший Киевский завод электротранспорта;50.413601;30.5292221
Фронт, рекламно-производственная компания, ООО;50.4408971;30.5057619
Шиномонтаж;50.4101824;30.5268404
предприятие УТОС;50.4081073;30.5063832
Киевская кондитерская фабрика корпорации  Рошен ;50.4065721;30.5233817
Фірма  Згода ;50.4141975;30.5409112
Студия веб-дизайна Soloway;50.4467884;30.5185936
ПАО «Киевмедпрепарат»;50.4442979;30.4950148
Завод  Арсенал ;50.4399598;30.5417454
;50.4448061;30.495252
Машиностроительная площадка завода  Ленинская кузница ;50.4436309;30.4916632
Башня №6;50.4409798;30.5416569
СТО;50.4060217;30.4970812
DemoDeSign;50.4270139;30.4778283
Notan Creative Agency;50.4384499;30.5458518
Центральная проходная ПО  Завод Арсенал ;50.4396685;30.5446398
КЭВРЗ;50.441986;30.4845502
Багетная мастерская киев - bagetka.com.ua;50.4509838;30.5048543
Киевский электротехнический завод  Транссигнал ;50.4454068;30.4862069
;50.4104526;30.4765648
СУППР, участок № 1;50.4485262;30.5430195
Булочно-кондитерский комбинат (БКК);50.4498625;30.4846569
Территория бывшего мясокомбината;50.4523834;30.4882742
Абпланалп Украина;50.3972461;30.4943161
ПАО «Укргазвыдобування»;50.457866;30.5043554
Институт физической химии;50.3950797;30.5333367
Производственно-строительная компания  Валькирия ;50.3929697;30.4996347
Промзона «По улице Васильковской»;50.3961478;30.4862746
ОАО «Киевский завод резиновых и латексных изделий»;50.3954764;30.4858589
Котельная;50.4610917;30.5042728
Бон наплавных насосов;50.4206159;30.5718398
Научно-технический журнал «Оконные технологии»;50.4586464;30.4868969
УПП-3 УТОС;50.4628597;30.5054659
СКТБ с экспериментальным производством Института физики полупроводников;50.3900285;30.5310219
ПАО «НТК  Электронприбор » (Производство);50.456026;30.4771189
ООО «САВ ЛТД»;50.4627325;30.4948148
ул. Народного Ополчения, 15;50.4119567;30.4567905
;50.4100183;30.4579693
ЗАО Киевский авторемонтный завод №5 ;50.4211602;30.4526102
ЗАО  Пластик ;50.4212901;30.4520174
ПАО «НТК  Электронприбор »;50.4560662;30.471792
Завод  Электроприбор ;50.4638192;30.4906292
Завод ЖБК №1;50.4045652;30.5695224
ЗАО  Киев-Обувь ;50.4235014;30.4499414
Архитектурный бетон;50.4054576;30.456317
Киевский механический завод МО Украины;50.4204851;30.4475408
ПАО «Трест  Киевгорстрой-2 »;50.4128532;30.4501118
Венето;50.4053516;30.5744496
Главный цех Киевского механического завода;50.4202662;30.4468926
;50.4038951;30.5733794
ПАКСИ;50.4057311;30.5755627
ОАО  Энергомашкомплект  Киев;50.4701661;30.5176645
Столярная мастерская;50.4082115;30.5785593
Компания Омега Инжиниринг Групп;50.3852136;30.5424629
Кирпичный завод;50.4696368;30.5003777
ОАО  Комбинат стройиндустрии ;50.398089;30.5694902
Бывший завод солодовых экстрактов (закрыт);50.4701815;30.5008095
Pronto Film;50.470773;30.5243285
НПП «Квант-Эфир»;50.4048695;30.5779016
Промрайон «Около станции Пост-Волынский»;50.4131588;30.445218
Цементный завод  Диккергоф-Украина ;50.3863551;30.552544
ЧП  Газтехкомплект ;50.4729632;30.5151889
Территория бывшего Киевского керамического завода;50.4723222;30.5010294
Медиадом;50.4226281;30.4405136
ОАО Киев-Московское МППЖТ;50.3968528;30.573028
Типографія на подолі - ТОВ  ВПК  Експрес-Поліграф ;50.47244;30.4956677
Завод ЖБК им. Светланы Ковальской;50.400462;30.5784571
Киевский хладокомбинат №1;50.473822;30.5013591
ППЖТ Киев-Московский;50.3899085;30.5661454
элекрощитовая;50.4488732;30.4458447
5 цех;50.475586;30.5273255
проспект Науки 57. Будинок з Леніним;50.3778838;30.5370676
Магазин по распродаже остатков натурального шелка производства Киевской шелковой фабрики;50.4747398;30.4948895
ЗАО «Завод  Спутник »;50.4761664;30.5020541
10 цех;50.4765433;30.5254913
Один из корпусов  Ленинской кузни ;50.4764888;30.5275589
Государственное предприятие Министерства обороны Украины  УАТК ;50.4690393;30.4706829
Электромонтажная мастерская КЭР;50.389023;30.5709895
ОАО  Фармак ;50.4760486;30.4933423
Трубо-медницкий цех;50.4772921;30.5268993
ЗАО «Бакмед»;50.4214968;30.5961192
ЧАО  Завод картонной упаковки  Tetra Pak  ;50.4774534;30.4996294
RentAll;50.46949;30.4686686
УМС ПОЛИЕСТЕР;50.3774433;30.5467263
Насосная станция 2 подъема ТЭЦ-5;50.388498;30.574007
Завод «Атем»;50.390326;30.5768931
25 цех ВРШ;50.4786328;30.5301407
16 ремонтно-механический цех;50.4788342;30.5285997
ООО  Энергостроймонтажсервис ;50.3865578;30.5716681
Киевская мебельная фабрика;50.477537;30.4903408
Бетонный завод  Основа-Солсиф ;50.4147309;30.5973012
Завод  Большевик ;50.452285;30.4399664
21 цех;50.4795607;30.5284256
Вторцветмет;50.4173081;30.4303935
Государственное издательство «Пресса Украины»;50.4568918;30.4443088
Автомойка;50.4796126;30.5332093
Балтик Мастер;50.4209842;30.4284811
ОАО  1-й КАРЗ ;50.4786124;30.4879859
Кислородный завод;50.4224795;30.4279875
ул.Бакунина, 3;50.4171787;30.4288194
АГРОМОТО. Производство и продажа техники для сада и огорода;50.4230554;30.4273867
ДчП ЗАО «Промэнергоавтоматика»;50.4213192;30.4272231
КНС «Правобережная»;50.3829945;30.5708688
ООО  Вентсервис ;50.4201655;30.426928
Торговый дом  Аэростар ;50.4202758;30.4268141
Территория Института механики им. С.П.Тимошенко;50.4577268;30.4413986
Главный корпус «КЗБН  Росинка »;50.458853;30.442324
Завод ЖБИ ОАО  Домостроительный комбинат №3 ;50.4154485;30.4272392
Модельный участок цеха цветного литья №17;50.4817529;30.5306142
17 цех цветного литья;50.4819803;30.529599
Фірма «Північ»;50.3797919;30.4622389
Цементный узел;50.4821036;30.5305605
Опытный завод сварочных материалов;50.4649299;30.4481659
Завод;50.3686068;30.5194455
ЗАО  Вторполимермаш ;50.4829818;30.533857
Бизнес-центр  Сильвер Центр ;50.4469223;30.4290497
 Укрниипластмаш , телеканал  СТБ ;50.4604231;30.4401165
ул. Ивана Шевцова, 1;50.4608749;30.439995
Завод  «Кнауф-ИнтерГипс»;50.4523432;30.4316112
Киевзеленстрой;50.4749937;30.4623078
Завод  Росток ;50.4478105;30.4280868
Завод  Эталон ;50.480961;30.479787
Концерн  Орлан ;50.4212251;30.4217755
Строительный комбинат Верховной рады;50.4152974;30.6062967
Государственное научно-производственное МП НТК ИЭС им. Е. О. Патона «Плазмотрон»;50.458631;30.4363722
АТЗТ  СНРПСПП Укрреставрация ;50.4679364;30.4478708
Абрис Принт ООО (корп. 7);50.44768;30.42709
;50.4118288;30.6057492
Промрайон «Отрадный»;50.4355397;30.4217219
ОАО  КиМоЛ ;50.4473203;30.6024411
;50.4505979;30.4287145
Завод  Осокор ;50.411237;30.6058636
ГНПП  Геоинформ Украины ;50.4600224;30.4353665
ЧП «Архимед»;50.4619573;30.5918169
;50.4496038;30.4261355
ПАО  Укрпластик ;50.4509496;30.6025296
;50.4551681;30.4294582
Завод «Эмко»;50.4506388;30.4258042
ООО «С.Н. ЕВРОБИЗНЕС» Лабораторная посуда и оборудование;50.4408064;30.6088529
Хлебзавод №11, цех №4;50.4545702;30.6008264
КЭЗЖШ;50.4149529;30.4182887
ГП Киевский экспериментальный завод железобетонных шпал;50.4162193;30.4179239
ПАО НПЦ  Борщаговский химико-фармацевтический завод ;50.4111856;30.4185488
ГП  Киевский государственный завод  Буревестник  ;50.416223;30.6121155
;50.4512434;30.4238141
Завод реле и автоматики;50.448603;30.4218882
;50.450299;30.4227519
ООО «Трак-Финанс»;50.450731;30.4228967
Мастерские СЦБ;50.4502972;30.6065368
;50.4511956;30.4230791
Территория завода  Маяк ;50.4875624;30.4891955
Производственная база АО  Свемон-Киев ;50.4099088;30.6113205
ООО  Завод  Микроны ;50.4884856;30.4944741
Компрессорная;50.4498498;30.6075829
Арсенал-центр;50.4544643;30.4247045
СТО  Автотехникс ;50.4604888;30.5994907
Энергетический поезд №751;50.4601336;30.5999037
Металлобаза;50.457289;30.6027385
Тепловодное рыбное хозяйство;50.3724971;30.5708983
;50.452103;30.421789
Русановский мясокомбинат;50.4713423;30.5868092
Эскалаторная служба;50.4503826;30.6085431
Эскалаторная служба;50.4496483;30.6090568
пр. Визволителів, 15;50.4612098;30.6000411
Завод «Гранит»;50.4631525;30.5984258
Центр механизации путевых работ (ЦМПР);50.4196356;30.412302
;50.4901119;30.493353
Завод «Эфкон»;50.4346787;30.6165707
ОАО Завод специальных железобетонных изделий;50.415746;30.4127687
Корпус цехов №№2, 6, 15 ПО «Меридиан»;50.4462084;30.4163575
Корпус цеха №21 «Инструментальный» ПО «Меридиан»;50.4483984;30.4174142
пр. Визволителів, 19;50.4649914;30.5978335
Корпус цехов №№22,  27, 36 ПО «Меридиан»;50.4491325;30.4175699
Киевский автомобильный ремонтный завод (в/ч А-1014), ГП МОУ;50.4546146;30.4206732
НПЦ  Трирема , ООО;50.4369448;30.4115161
Завод  Сварка ;50.4914915;30.4957254
Металлобаза  Альянс  ;50.4240158;30.4096413
Комбинат железобетонных изделий;50.4894327;30.4808646
НПО  Меридиан  им. Королева;50.4472605;30.4148233
Компания  ВИК ГРУПП ;50.4391161;30.6185209
Ремонтний цех;50.4140351;30.4101777
Киевский автомобильный ремонтный завод ДП МОУ;50.4570003;30.4200281
Корпус цехов №№10, 12, 1 ПО «Меридиан»;50.4451391;30.4122323
КП по содержанию зелёных насаждений Днепровского района;50.4653448;30.6018135
вул. Старосільська, 1;50.4739526;30.5904839
;50.4837361;30.4576018
вул. Марка Черемшини, 25;50.4750111;30.5893039
Киевский завод железобетонных конструкций ЮЗЖД;50.426731;30.4061436
 Жако . Первая зефирная фабрика;50.4480496;30.4117038
Завод строительных изделий №1;50.4216609;30.4057741
Киевский рельсосварочный поезд (КРСП);50.4255843;30.4053403
ООО «СК Джонсон»;50.4939171;30.4907647
Магазин строительных материалов  МастерОК ;50.422825;30.4049162
ООО Uventus Group;50.4914634;30.4758006
ул. Светлогорская №0;50.4464202;30.4092188
ТОВ  ЭНЕРГОМАШТЭН ;50.4221395;30.4044378
ООО СП  Эдельвейс ;50.4835075;30.4510117
Ремонт пластиковых и стеклопластиковых бамперов;50.475998;30.5921762
Завод  Фанплит ;50.4290634;30.6248402
Украинский центр механизации путевых работ;50.4297896;30.403963
;50.4226111;30.403651
;50.4325695;30.6250924
;50.4195589;30.4031192
ЗАТ  Київметал ;50.4499829;30.4090323
ЗАО  Киеввторчермет ;50.4299621;30.6266105
ООО «Прок»;50.3953653;30.4130449
Завод имени Лепсе;50.4391877;30.404073
Промрайон «Никольская Борщаговка»;50.4239897;30.4019809
;50.4259127;30.4016402
Территория завода  Евроформат ;50.4937362;30.4760742
;50.4193499;30.4018195
Меридиан-РП, ООО  Атрис ;50.4496858;30.4070341
Предприятие «ПожТехника»;50.4915999;30.465855
Цех 25;50.4387957;30.4023054
Электроподстанция;50.4812034;30.5888155
ООО   СП В.М.С. ;50.4231947;30.4002696
;50.4256456;30.4001205
Мусоросортировочный завод  Гринко-Центр ;50.3541463;30.5348495
Промрайон «Подольско-Куренёвский»;50.4981284;30.4959493
Комбинат производственных мощностей метрополитена;50.4452928;30.4037095
Асфальтобетонный завод  Столичный ;50.3578066;30.5563715
Админздание и цеха троллейбусного парка;50.4891214;30.4557495
Территория завода по производству техники для переработки сахарного буряка;50.4928046;30.4661178
ООО  МиниМакс ;50.4220406;30.3991827
ПАТ «Електротехнічний за­вод» (РЕЛСіС™);50.4228862;30.3989822
;50.4289575;30.6305466
Бизнес-парк «Нивки сити» (станкозавод «Веркон»);50.4550584;30.4072299
Электротехнический завод;50.4224864;30.3977685
Киевский завод шампанских вин;50.4898542;30.4541552
ОАО  Киевметрострой ;50.4468301;30.4021096
;50.4964117;30.4751139
Типография  Вольф ;50.4927568;30.4599729
ТОВ  АДМ ;50.4891648;30.4496665
Марка Вовчка,5;50.4959593;30.4692002
Заводоуправление;50.4571215;30.4058432
 Дайвер ;50.4440741;30.6304219
ТД  Kompozit-Сервис ;50.4970252;30.4717783
Территория бывшего Механического завода;50.4936083;30.4595411
Завод «Изумруд»;50.4220531;30.3951868
Предприятие  Антисептик ;50.4990289;30.4804623
ТД  Композит Сервис ;50.4972238;30.4717129
OTIS;50.4481463;30.3995621
ООО «НиК»;50.4330444;30.3944439
НПП  Био-Тест-Лаборатория , Центр современной диагностики;50.3509408;30.487967
ООО  Завод гидроарматуры ;50.4872143;30.44083
ЧП  Единые Энергетические Сети Украины ;50.393021;30.4051619
OTIS (дирекция);50.4468267;30.397464
Агриматко;50.3928683;30.4045883
Цементная база;50.5010013;30.4823345
Лабораторія механіки, автосервіс  Інжектор ;50.4450849;30.3952507
ООО «Первый трубный завод»;50.5015574;30.4807895
ОАО  Агрохимцентр ;50.4350673;30.6381252
ООО  ДМВ  (Строительство и обслуживание частных бассейнов и аквапарков);50.5030655;30.4834046
РКС  Северный ;50.5038758;30.4885197
КП  Киевский производственный комбинат  ОСО Украины;50.4352825;30.6387314
Завод «Бетон Комплекс»;50.5018286;30.474485
Участок прорабов №3;50.4288652;30.6403649
ул. Николая Кибальчича, 1;50.4922039;30.587748
ООО  Абсолют Инвест ;50.4570822;30.3957474
Кондитерский цех;50.4740992;30.4106176
Завод «Стройдеталь»;50.4411716;30.3877574
Эксон;50.5048026;30.4776976
АТЕК (Завод  Красный Эскаватор );50.4539502;30.3926575
КиївГаз;50.43596;30.3856097
;50.4572718;30.3939557
Трест Київміськбуд-2 Будівельне управління №13;50.4355233;30.3848629
Цех ООО  УКРПРОДМАШБУД ;50.5025603;30.4623539
;50.4573362;30.3930444
 Ваша Шафа  мебельная мастерская;50.4466491;30.3870839
Котельная тепличного хозяйства;50.469187;30.4018065
Сельхозполигон, овощная фабрика;50.4684588;30.4005217
ООО  УКРПРОДМАШБУД ;50.5035444;30.4633446
ГП Антонов вставка 1;50.4622382;30.3950058
ГП Антонов переход между корпусами 4 и 58;50.4625191;30.3949829
Малая проходная ГП Антонов;50.4634504;30.3956776
MAXUS;50.4540425;30.6396326
ГП Антонов вставка 2;50.4628605;30.3949589
Фирма  АНТОР ;50.3516947;30.451009
ГП Антонов корпус 4;50.4624968;30.3943982
Мостотряд;50.4449204;30.3845786
Турбинный зал;50.4470077;30.6438356
Цех 24;50.4592065;30.3914371
Торговый дом «Милана»;50.45496;30.640247
вул. Академіка Туполєва, 12;50.4666526;30.3966647
Дарницкий шёлковый комбинат (ДШК);50.4591706;30.6383559
;50.4341122;30.6489459
Київська офсетна фабрика;50.5061395;30.4638058
ПС 110/10 кВ  Пироговская ;50.340961;30.5389344
ОАО «Киевхимволокно»;50.4559987;30.6419534
Полиграфкомбинат  Зоря ;50.5062112;30.4634142
РУУККИ УКРАИНА;50.4438548;30.3815105
Новый Стандарт;50.5057469;30.4609503
ООО «НПО «Кристалл»;50.4882006;30.4193723
;50.4998001;30.4421416
СТО Міцубісі (Ніколь);50.4084559;30.3807686
Бытсервис;50.443061;30.649361
Завод «Квазар»;50.4880368;30.4161918
КЗЭК;50.4368405;30.652129
;50.4815208;30.6227294
Промрайон «Днепровский»;50.4525222;30.6471562
Производство  Ордана ;50.3402224;30.4792178
Деревообрабатывающий цех завода  Арсенал ;50.4452245;30.6504875
;50.4374709;30.6533542
Завод  Сокол ;50.5094079;30.4636181
edna.ua;50.5086403;30.4605978
ООО  Итак  (Киев);50.4581239;30.6458848
ООО  ДИН ;50.4377521;30.6548177
Цех 25. ЛИС;50.4669155;30.3880548
Малярный цех;50.4674619;30.3873789
ООО  Спецмаш ;50.4548554;30.6506348
ЗАО  Будиндустрия-3 ;50.4511956;30.6527674
Хлебокомбинат № 10;50.5155506;30.4813901
«Авто-Лайф»;50.4924027;30.6148973
ЧАО «Геофизическое оборудование Надра»;50.5111307;30.4584521
Хлебокомбинат №12;50.4355729;30.3703938
Бойлерна;50.4187762;30.6593629
Склады-холодильники ф-ы  Ласуня ;50.5161691;30.4789978
Полиграфия «Блиц-Принт»;50.5160939;30.4759883
«Блиц-Информ»;50.4681072;30.6454852
Киевский ДМСК входит в состав ДК “УкрДО Радон”;50.33247;30.5100326
Завод «Ремдортехника»;50.4314999;30.6613398
Трансмиссия ТВ;50.45401;30.6556052
Трансмиссия ТВ;50.45401;30.6556052
ОАО  Фабрика кулинарии ;50.4138386;30.6611252
Оконная мастерская  Газда ;50.520295;30.521468
Виробництво фаркопів;50.4593925;30.6534675
;50.4396943;30.6616532
Мебельная фабрика  Висмут ;50.5108714;30.5815092
Everest;50.4445918;30.367596
Бліц-Принт;50.4619368;30.6557929
ФЛП Бережной Е. В.;50.3470796;30.426228
Телевизионный завод «Славутич»;50.4301491;30.6666988
Киевский молокозавод;50.4493036;30.3664406
ОАО «МЕХБУД»;50.4648428;30.3741288
Котельня;50.3453611;30.4283953
Корпус 4 (114);50.429962;30.6678498
Завод  Эсмаш ;50.507433;30.4289269
Фабрика  Технофильтр ;50.4604342;30.370194
Проходная завода Электронмаш;50.4306503;30.3606063
Цех-34;50.4761007;30.3815438
;50.5222568;30.4823854
ЗАО «Киевский экспериментальный завод бытовой химии»;50.4421431;30.36191
Промзона;50.3448115;30.4263165
Пакпринт;50.4324242;30.6693341
Гаражный кооператив   Машиностроитель ;50.3441287;30.4273009
Компания  Триада Принт ;50.4684743;30.3723451
Корпус 2;50.3843636;30.6574344
Утилизационный комбинат;50.384544;30.6579226
Корпус 1;50.3840856;30.6576544
ОАО   Древообрабатывающий комбинат №7 ;50.5242234;30.4809236
Промрайон «Дарницкий»;50.4306668;30.6721437
Главный корпус завода;50.3900336;30.6618172
Производственный склад;50.5236767;30.4758437
Киевское отделение  Линде Газ Украина ;50.5238032;30.4758932
ДОК-7;50.5248974;30.4823855
Группа компаний АМТТ;50.3747021;30.377377
Автомоечный комплекс  Форсаж ;50.5038374;30.6173743
ТОВ  Алтосан ;50.52843;30.506743
Админздание;50.5284403;30.5067828
;50.5202423;30.5781109
Цехи металлоконструкций и дверей;50.5258806;30.4777749
Производственные подразделения;50.5256047;30.4757631
КНВП «Йод»;50.4305426;30.6754553
Коллективное предприятие  Монтекс ;50.5270182;30.4859836
ОАО „Энергетический завод «Энергетик»“;50.4295325;30.6757678
Соевая фабрика;50.3430229;30.4192489
«Явор»;50.429844;30.6760011
;50.520433;30.5790368
ПКФ  Силкон-Квар ;50.4711528;30.3691399
Колишня фабрика телевізорів, презервативів та гральних автоматів;50.4380252;30.6752278
ООО  Ворлдвайд Мануфакчуринг, И.Д.  (WWM);50.4102217;30.3545835
ОДО  Укрлифтсервис ;50.4262809;30.676514
вул. Деснянська, 26;50.5209053;30.5786847
ООО  Орион.Групп ;50.3706052;30.3775062
БИГ-Инициатива;50.4309577;30.6767191
;50.5214629;30.5777619
ООО «Веста Украина»;50.3698591;30.3767198
Интернет-магазин стройматериалов;50.4153351;30.3515345
Офисно-складской центр  Честер ;50.527095;30.47248
ПАО  Дарницкий завод ЖБК ;50.4285525;30.678675
BMW Сервис;50.458117;30.3578961
Завод  Радиоизмеритель ;50.4002484;30.6746596
Плотницкий цех;50.4304389;30.6797745
Складские помещения;50.3803165;30.3652292
Производство значков и наград;50.3799303;30.3654867
Столярная мастерская;50.3800269;30.365134
Компания  Муравейник . т. 044-3325772;50.3796131;30.3652554
Мини-пром. зона;50.3800167;30.3649399
Изделия из метала;50.3799833;30.3649328
ООО  СП Буддеталь ;50.4784209;30.3697461
Производство бильярдных столов;50.3799782;30.3646562
Компания по бурению скважин.;50.3796336;30.3647948
Компания  Муравейник . т. 044-3325772;50.3800069;30.3642113
Киевполиграфтехника опытно-экспериментальный завод;50.4527507;30.3525839
Административный корпус завода «Радиоизмеритель»;50.3995013;30.6773928
;50.3274571;30.4470312
Государственная акционерная холдинговая компания  Каскад ;50.4052575;30.6808072
Завод  Визар ;50.385192;30.3573114
ООО  Микол ;50.4339055;30.6851175
;50.4564512;30.6788151
Завод  Пивдень ;50.404543;30.6828966
КТП;50.4065842;30.6839802
База фирмы  Фундамент ;50.3960749;30.6815797
Киевспецтранс;50.5078045;30.3973138
Производственная база  БРСМ ;50.4054712;30.6863755
СТО ГриМерс +=НОВАЯ СТАНЦИЯ=+ Гостиница для болельщиков ЕВРО2012;50.4342397;30.3380903
ПИИ «Альтеко»;50.4101682;30.339235
вул. Генерала Наумова, 1;50.4737201;30.35391
Будівельне управління № 7;50.4095294;30.3380343
Банкнотно-монетный двор НБУ;50.5110223;30.6339638
ООО  Агромат-Декор ;50.4724836;30.3465804
Производственное предприятие;50.5085209;30.6444418
Компания «Ардис»;50.4961339;30.3675145
Золотой Мандарин;50.381763;30.3443053
Киевский казенный механический завод;50.4203614;30.6988838
ООО «Сантехник ЛТД»;50.510619;30.6432134
ТОВ «Елекон Лтд»;50.3808514;30.3436938
Ортотех-сервис;50.543873;30.491065
Філія «Заводу ЗЗБК ім. Ковальської»;50.381645;30.3415668
«Метолапрокат»;50.3794198;30.3427282
Промрайон «Троещина»;50.5123109;30.6438947
Киевский домостроительный комбинат № 135;50.4248449;30.701852
Склад песка;50.325546;30.6166541
вул. Синьоозерна, 1/52;50.4994589;30.3656369
ЗАО  Киевзеленстрой ;50.4991901;30.3628205
ТОВ  Евроклас ВП ;50.3805606;30.3380375
ЗАО  Текстиль дизайн компани ;50.4319082;30.3226357
«Метінвест»;50.3774938;30.3366208
КП  Киевзеленстрой ;50.4947839;30.3532719
СУ-7, БМФ  Укргазпромбуд ;50.3404911;30.3714989
ПромСИЗ;50.4892945;30.3450054
ООО  ПОЛЛУКС ;50.4890822;30.3443841
Укргеолбудм;50.3744079;30.700449
Камнеобрабатывающий комбинат  Беличи ;50.4939137;30.3416526
;50.3749433;30.7018813
МЛП-Чайка;50.4365542;30.3108064
Трансформаторная подстанция;50.3816673;30.322381
Ellissi Group;50.3851396;30.7089356
АО «Беличский завод «Теплозвукоизоляция»;50.4947498;30.3398985
Спецбудмонтаж;50.3733507;30.7025895
Лісопилка;50.367712;30.7008645
Лісопилка;50.371108;30.7035095
«Леон Сервис»;50.3868664;30.3153454
;50.3671115;30.7018786
ООО «Специализированное предприятие „Голография”». ООО «Знак»;50.3734311;30.7078439
;50.3664545;30.7030695
Газоредукционная станция (ГРС);50.5185311;30.6743887
Днепровская водопроводная станция Киевводоканала;50.5635991;30.477941
вул. Гамарника, 12;50.5320192;30.367836
Пекарня на ТЭЦ-6;50.5300345;30.6658418
Намыв песка;50.5692134;30.4891143
вул. Гамарника, 28;50.5369495;30.3604173
вул. Червонофлотська, 34;50.5368965;30.3541941
вул. Миколи Юнкерова, 34;50.5381874;30.3558467
ОАО  Вышгородсельрыбхоз ;50.5763806;30.4847806
вул. Гамарника, 31;50.5392798;30.3549081
Днепровское бассейновое управленние водных ресурсов;50.5778171;30.4824096
Каналізаційно-насосна станція;50.2789282;30.4313309
«Будтехносервис»;50.584963;30.497203
Насосная станция КП  Боярка-Водоканал ;50.3525085;30.2907013
Філія ВРТП «Укргазенергосервіс»;50.3507255;30.2892932
Маслохозяйство;50.5884682;30.5096655
Проходная;50.5889128;30.5075086
Броварской молокозавод;50.4970959;30.7450166
Экспедиция № 60 КП  Кировгеология ;50.5002028;30.7433724
Мясо-молочный перерабатывающий комбинат;50.3300391;30.7302617
Компания  Остров-Украина ;50.5921991;30.4685908
Артпласт;50.5935733;30.4683179
ООО Клинские;50.5944416;30.4682422
Завод ТОВ  Корпорація УБТ ;50.5921956;30.4399408
Приватна фірма, виробництво вікон  Бекас ;50.55917;30.689369
Henkel Баутехник Украина;50.5932974;30.4415488
Завод  ВЕНТС  ( ЧАО  Вентиляционные системы  ) Площадка №2;50.3290443;30.288282
Пластик карт;50.5941249;30.4370105
Завод  Металлическая мебель ;50.3301727;30.2838778
ЧП «Эльбрус-69»;50.3414618;30.2722477
Завод монтажної піни «Канфом»;50.5943045;30.4320377
Sandora;50.5949796;30.4346287
Броварский завод коммунального оборудования;50.4946969;30.7712352
Фірма  Рось ;50.602006;30.4796496
Завод  ВЕНТС  (Вентиляционные системы) Площадка №1;50.3296933;30.2806377
Производственное предприятие  Формал ;50.6027329;30.4854485
ООО «Киев Пресбетон»;50.3918813;30.2399982
ВЮРТ-Украина;50.6040605;30.4814139
Камнеобрабатывающий завод;50.5748133;30.67662
Киевский семенной завод;50.560861;30.7055103
Склады;50.5599053;30.3145729
ООО  АМАКО Украина ;50.3918231;30.8006845
Производство стеклопакетов и профиля;50.5580888;30.3029912
Производство, склады;50.5636555;30.3113758
Заброшенные очистные сооружения;50.6012974;30.6505065
Будівельний Двір;50.5020453;30.8027672
Аскалон;50.4115003;30.1994472
Коминвент ЧП - дымоходы.;50.5612205;30.2771538
Завод;50.5402446;30.2506505
Пуховский вентиляционный завод;50.5847557;30.7141471
ТОВ  Август плюс ;50.5627866;30.2773493
Производственное предприятие «Фирма  Интерком-М »;50.5287234;30.7961368
TG Studio TAGO;50.5119494;30.8112913
;50.5215752;30.8043015
Завод  Галина Бланка ;50.5215957;30.8046233
Хлебопекарный комбинат;50.5229872;30.8040386
ТОВ  Ритим ;50.5270473;30.8006402
ООО  РКЦ ;50.5562792;30.2584773
НВПП Дик;50.2595991;30.3173866
ОАО  София ;50.520361;30.8069247
ООО «Солярис»;50.5281333;30.8016031
ORDANA - профессиональная спортивная одежда;50.6276321;30.4216683
Обувный кооператив;50.5156165;30.8147782
Компания  ABRISO ;50.5256303;30.808593
Кабельный завод;50.4498916;30.1834189
ОАО  Спецбудмонтаж-503 ;50.5222675;30.8130347
ТОВ НВП  ПИК-СМ ;50.5468421;30.2388717
Завод  Торгмаш ;50.5048908;30.8256841
Завод  Ирпеньмаш ;50.5219248;30.2151489
Трансметалл, ООО;50.5204514;30.8155453
ПАТ  Київське спеціалізоване ремонтно-будівельне товариство ;50.5270881;30.2187685
Спецбудмаш;50.5222404;30.814359
Краностроительный завод «Стрела»;50.5243616;30.8161569
Тарный завод;50.5514005;30.237602
Цех  фирмы  Стайл-Итерер ;50.552053;30.2378995
ГП  Казенный завод порошковой металлургии ;50.5308341;30.8126002
Завод компании Чистая вода (ClearWater);50.4380057;30.1739716
ЧАО  Броварской шиноремонтный завод ;50.5256575;30.8190429
Металобаза  МетИнвест ;50.5195424;30.8260381
Компания Kertz;50.2529761;30.3030072
Броварской завод пластмасс;50.5312996;30.8184796
Броварской светотехнический завод  Люмен ;50.512734;30.8336556
ПП «Деліція»;50.5386287;30.2153916
ТОВ «Київгума»;50.5205506;30.8297213
Фирма  Агростройпоставка ;50.5327658;30.2086573
ООО  Нэрис ;50.6408133;30.42427
Крафт Фудз Украина;50.6401703;30.4173714
СМУ   Укрремстроя ;50.5369085;30.2106025
ТОВ  Бучанський завод склотари ;50.5294624;30.2041398
Селекционный центр;50.4090405;30.8647745
ВАТ  Південне управління механізації ;50.5400026;30.2111362
Киевский завод алюминиевых конструкций;50.5320225;30.8250698
ТОВ  Орієнтир-Буделемент ;50.5289005;30.8276768
Розвантаження та склад піску;50.5279697;30.2004549
Насосная станция;50.6165303;30.7067442
КП  Київський завод алюмінієвих будконструкцій ;50.5320159;30.8299279
Авторемонтная мастерская;50.5325255;30.1978728
Водонапірна вежа;50.5322467;30.1973833
Позиція Хутір Гора;50.3457967;30.8494457
Домостроительный комбинат;50.5251936;30.839771
Фирма Перал;50.6500114;30.4050386
Тракторный стан;50.4856203;30.8711528
Калиновский завод Будперлит;50.5617251;30.8166182
УкрЕвроТент;50.6513975;30.4048857
СК «ООО „Кримар”»;50.5426243;30.8380812
Сейфы. Изготовление. Продажа. Лазерная резка металла. ;50.5676388;30.8144241
ЗАО  Мелиоратор ;50.5602222;30.2055024
VEKA Ukraine;50.5663049;30.821532
DreamHouse Ukraine;50.5468344;30.8415895
Комбинат  Тепличный ;50.5546291;30.8408546
Склад ООО  БМС Сервис ;50.5864297;30.2203164
Завод по розливу воды;50.278429;30.2045945
Трансформаторная подстанция огней впп-2 (светосигнальная система);50.3532046;30.8866245
Мусоросжигательная станция;50.3547168;30.887662
Логистический комплекс «БФ Склад»;50.3212237;30.8687871
Дизель-генераторна;50.3555085;30.8929673
ОАО «Киевметаллопром»;50.232517;30.2629995
Киевский центр управления воздушным движением  Стрела-Аления ;50.355709;30.893686
Ангар;50.3482914;30.8901268
3-й цех;50.3469136;30.8897378
Завод  Baumit-Украина ;50.5518518;30.8584767
Склад Мтс;50.3486046;30.8926212
Производственные цеха;50.3027521;30.8639511
ООО «Рейнерс Украина»;50.5595099;30.8556604
Производственные цеха;50.3020701;30.8634993
Производственные цеха;50.3023298;30.8652436
Производственно-складской комплекс;50.3723482;30.9116649
Ground Handling;50.3388661;30.8975069
ООО  Фиге Украина ;50.3853324;30.9197438
 СБК-Озера ;50.6251751;30.2465308
Цех по переработке морепродуктов  Аляска ЛД ;50.2309504;30.2344956
Пилорама;50.2296978;30.2363329
Концерн  Водполимер ;50.374283;30.9227103
Орлан-Транс-Груп;50.3721823;30.9222704
СТО, шиномонтаж;50.2294354;30.2325953
СПМК-530;50.3714192;30.9251376
ПентоПак;50.3739375;30.9267926
fmlogistic;50.428602;30.9360623
Новий виробничий комплекс;50.5964472;30.8409726
ДП  Нагель-Фенстер ;50.3704476;30.9276777
Бетонный завод;50.3739785;30.930612
Сміттепереробне підприємство  Укрвторенергоресурс ;50.1644738;30.4006934
Переробно-заготівельне підприємство;50.1876345;30.3046649
КП  Васильківський комбінат комунальних послуг ;50.1790074;30.320321
Производство;50.6936032;30.6283968
Frunze Street, 51;50.1875434;30.2916616
Колишній завод холодильників;50.1731532;30.3298804
Майоліковий завод;50.1871089;30.2881721
ООО  Палетэкс ;50.5968723;30.1669181
Завод  Валекс ;50.5926946;30.867371
Колишній цех ВМЗ;50.1865302;30.2877831
Недобудова;50.1764378;30.3140808
Завод  Eden ;50.1624875;30.6686461
Виробництво ТЕНів;50.217477;30.2181159
Васильковхлебпродукт;50.1731721;30.3195834
Арсенал;50.1666747;30.3391528
Кожзавод;50.1690955;30.3299528
ВАТ «Міжрайагропостач»;50.1818553;30.2909549
Васильковский завод холодильников;50.1748831;30.3103807
Колишній молокозавод;50.1730296;30.3127062
Mechanical Plant;50.1667262;30.3318385
Альянс Краси;50.6749913;30.2690283
ТП 35/10 кВ;50.2363;30.1594501
ТОВ «Інтерфом»;50.1451427;30.6682302
ООО «Агрокабель»;50.573458;30.1055645
Колбасный цех;50.1873742;30.2310437
ПАО «Стиролбиотех»;50.1405849;30.6706684
Тульчинка;50.1667038;30.2687428
ПМК-6;50.5636537;30.0843885
Полимер-Пак;50.6930068;30.7510248
Юко Украина;50.6942217;30.7518401
ПАО  Киевский картонно-бумажный комбинат ;50.1326981;30.6745027
Чулочная фабрика;50.1347915;30.6952965
ОАО завод  Кирпич Триполья ;50.1311775;30.688194
Фабрика художественных изделий;50.7058062;30.7459312
Обуховгорвторресурсы;50.1171591;30.6328064
Бывший колхоз  Литковский ;50.7109647;30.7389841
Завод  Мономах ;50.6053493;30.9332943
Агромарс (Гаврилівські Курчата);50.6903679;30.2164578
Экми Колор;50.137305;30.7494718
Инкубатор № 1, 2, 3 Гавриловских курчат;50.6869423;30.2074134
Лесопилка;50.2184253;30.1154646
Приватне підприємство будівельних матеріалів;50.128588;30.7437774
Углеподача;50.1320887;30.7573626
Прицефермы от  Гавриловских Курчат .;50.6981698;30.1996136
Птахоферма;50.7067863;30.1802158
Прицефермы от  Гавриловских Курчат ;50.6999642;30.1607323
Мебельная фабрика  Меркс ;50.1854722;30.1045131
ООО  Астра-Бразерс ;50.1326665;30.1983717
Прицефермы от  Гавриловских Курчат ;50.7041228;30.1555395
Пилорама;50.1483134;30.8764003
Клавдиевская фабрика ёлочных украшений;50.5831037;30.0013017
Колгосп;50.1095779;30.140906
Завод преміксів і ветеринарних препаратів;50.5185156;29.9012875
Територія ПОСП  Дніпро ;50.0649451;30.8997731
Artel Plast Company;50.6318209;29.9016657
Бородянский экскаваторный завод  БОРЭКС ;50.6420787;29.8898559
Тракторный стан;50.0287615;30.123015
Пекарня;50.0066133;30.1243186
Ферма;50.4325387;29.7344005
Частное акционерное общество  Элопак-Фастов ;50.0853857;29.9456942
Ангар 18;50.305343;29.7511809
Гвардія;50.3028964;29.7490453
Цеха;49.9763948;30.8898267
Юнивест Принт;50.0552307;29.9553287
БАМ;50.2922591;29.7338103
Фастовская мебельная фабрика;50.0691915;29.9266827
ООО НПО ФЗХМ  Красный Октябрь ;50.0728204;29.9210393
РМЗ- Ремонтно машинный завод;49.9465525;30.2007777
Сільгоспхімія;50.0416785;29.9654685
Дистанція колії — дільниця №3;50.0575727;29.9333185
ДП «Пивоварня Зиберта»;50.0778125;29.8959338
Вагоноремонтна дільниця;50.0577759;29.9244779
Ток;49.954511;30.8886046
Червонаслободский спиртзавод;50.3918785;29.6847585
Пилорама;49.9539113;30.8906404
ШРБУ;50.0513041;29.9274873
Завод сухих будівельних сумішей Kreisel;50.0527508;29.923228
Фасад-Буд;50.0515521;29.9245369
ПМК-16;50.0485829;29.925878
Лесхоз;50.0622632;29.9018883
водоочистна станція;49.9372384;30.159359
Контора;49.9397313;30.8937156
Устиновский завод котельного оборудования;49.9437922;30.0475945
Цементний завод;49.8560004;30.784084
Виробництво «Пантек»;49.858155;30.8201329
СП «Котедж»;49.8562535;30.8121308
Кагарлыцкий сахарный завод;49.8556431;30.8166978
Спиртзавод;49.9873799;29.8653996
Кодрянський склозавод;50.5853312;29.5785561
Мастерская;49.8623522;30.1103362
Строительный участок;49.8616381;30.1127623
Санітарний пропускник ферми;49.8562294;30.1153668
Котельная;49.8559562;30.1114064
Песковский завод стеклоизделий;50.6937411;29.6156369
Тетеревский опытно-производственный лесхоззаг;50.704109;29.5882361
колгосп  Комінтер ;49.928537;29.8245871
водокачка;49.919264;29.8406106
СТОВ  Перемога ;49.934062;29.8013055
Млин;49.9191016;29.8196035
ДП  Малополовецьке ;49.9117925;29.8275375
пасіка ;49.9107078;29.8252308
ядник (непрацюючий);49.9024783;29.838438
