Гимназия № 32 с углубленным изучением иностранных языков;50.428846;30.5206861
Гимназия № 56;50.423303;30.5211222
Средняя школа № 112;50.4311526;30.5149457
Школа № 37;50.4198563;30.5174942
Лицей  Гранд ;50.4343824;30.5101348
Киевский естественнонаучный лицей № 145;50.4346591;30.5174622
Средняя школа № 78;50.4352005;30.5191022
Специализированная школа № 130;50.4174585;30.5215269
Школа №44;50.4347006;30.5077114
лицей №79;50.4366749;30.5189547
Средняя школа № 33;50.4369892;30.5115706
Школа-интернат № 11;50.414606;30.5082151
Специализованная школа № 92 им. И.Франко;50.4374624;30.5076385
Средняя школа № 60;50.4284142;30.4947155
Средняя общеобразовательная школа № 87 им. А. П. Довженко;50.4390221;30.5125254
Школа-сад  Радость ;50.4252871;30.4939001
Средняя школа №21;50.4384003;30.5039457
Средняя школа № 47 им. А. С. Макаренко;50.4192975;30.5348092
Специализированная школа № 187;50.4236091;30.4915988
Частная школа  Афины ;50.4226931;30.4899036
Красный корпус Киевского национального университета имени Тараса Шевченко ;50.4421208;30.5104856
Школа №165;50.4386139;30.4981166
Средняя школа № 134 им. Ю. А. Гагарина;50.4360867;30.5354422
Частная школа  Афины ;50.440949;30.5012333
Гимназия № 109 им. Т. Г. Шевченко;50.434132;30.538805
Украинский гуманитарный лицей КНУ им. Тараса Шевченко;50.4420542;30.5273741
Киевский финансово-правовой лицей финансово-правового колледжа (от Национального Университета им. Т. Г. Шевченко);50.4325729;30.4873247
Средняя общеобразовательная школа № 221;50.432591;30.4872332
Кловский лицей иностранных языков №77;50.4418625;30.5305279
Экспериментальная средняя школа № 80;50.4128471;30.5359616
Кловский Лицей №77 (пристройка);50.4422216;30.5302173
Гимназия  Консул  №86;50.444292;30.5234849
Средняя школа №319 им. Валерия Лобановского;50.4072901;30.5077967
Школа № 84;50.4214259;30.5438722
Школа-лицей «Дарование»;50.4253924;30.5450573
школа-детсад  Березка ;50.4239782;30.4839813
Educational institution (1811-1917);50.4420477;30.5325206
Гимназия №117 им. Леси Украинки;50.4452023;30.5242896
Школа № 89;50.434754;30.5436116
Курсы инострaнных языков Aмигос Киев центре;50.4425565;30.4955202
Специализированная школа № 110 им. Казимира Гапоненко;50.4055084;30.5123612
Лицей международных отношений;50.4414794;30.536217
Специализированная школа №53;50.446895;30.515331
;50.4456976;30.502743
Школа № 85;50.4049106;30.5155536
Международная украинская школа;50.4409849;30.5380694
Станция юных техников;50.441002;30.53805
Киевский военный лицей имени Богуна;50.4236364;30.5477071
Средняя специальная школа №135;50.4461793;30.5022787
Средняя общеобразовательная школа № 57;50.447614;30.5168655
Специализированная школа № 7  им. М. Т. Рыльського;50.4366356;30.4841476
Центр раннего развития  Сказка ;50.41849;30.4810242
школа №94;50.4468506;30.5291363
Гимназия № 48;50.4488266;30.518083
Музыкальная школа № 15;50.4188514;30.4803228
Киево-Печерский лицей № 171 «Лидер»;50.432238;30.5493897
Специализированная школа № 115 им. И. Огиенко;50.4317921;30.4792231
Средняя общеобразовательная школа № 58;50.4471336;30.4978104
Гимназия Национального педагогического университета им. М.П. Драгоманова;50.4470418;30.4969429
Детский сад №326;50.4486465;30.5022365
Печерская гимназия №75;50.4396354;30.5455863
Лицей  Голосеевский  №241;50.401187;30.5187052
Учебный комплекс «Александрийская гимназия»;50.4406876;30.5467049
;50.4291557;30.4750657
Средняя школа №133;50.4184344;30.5526191
Специализированная школа № 43  Грааль ;50.4248377;30.4743656
Средняя школа № 90;50.4390136;30.5504545
Школа № 88;50.4164166;30.5532921
Оксфордские курсы;50.4324721;30.5551001
Школа № 91;50.4515713;30.5024846
;50.4497875;30.4946807
Средняя школа № 49;50.45269;30.5067989
ИнтерШкола;50.4519471;30.4993343
Школа № 121;50.4043804;30.4861482
СДЮШОР №20;50.454314;30.5093027
Средняя школа №41 им. З. К. Слюсаренко, Вечерняя школа №5;50.4471145;30.4842817
Гимназия № 178;50.4368833;30.4730299
Лицей № 38 им. В. М. Молчанова;50.4525682;30.4933717
Школа визуальных коммуикаций;50.455185;30.5051359
Средняя общеобразовательная школа №155 с углубленным изучением английского языка;50.4550005;30.5031457
Школа № 15;50.3969968;30.5024413
Гимназия № 59 им. А. М. Бойченко;50.3981916;30.5331087
Специализированная школа №318;50.4158776;30.4684943
Средняя школа № 108;50.395367;30.5222967
Средняя школа №144 ;50.4219499;30.466206
Школа № 106;50.4550791;30.4966816
Средняя общеобразовательная школа № 138;50.455788;30.4997399
Гимназия № 153 им А.С. Пушкина;50.4507515;30.4845393
Специализированная школа № 177;50.4380677;30.4689118
Средняя школа № 25 им. В. Г. Белинского;50.4577277;30.5186556
Средняя общеобразовательная школа № 36 им. С.П. Королева;50.394548;30.502105
Средняя школа №5;50.4080355;30.5578518
Школа № 166;50.4370114;30.4620838
Соломонов Университет;50.452041;30.4772006
Лицей  №100  Подол ;50.4614211;30.5193886
Музыкальная школа № 5 им. Ревуцкого;50.447819;30.4693982
Школа № 164;50.4399327;30.4601365
Специальная школа «Надежда»;50.425376;30.4547721
Лицей «Универсум»;50.4495509;30.4674563
 Славяночка , школа-детсад;50.4254401;30.4546259
Технический лицей Киевского политехнического института;50.4394799;30.4580375
Школа № 102;50.451997;30.4690629
Школа экстернов;50.3890349;30.4946056
Лицей «Политехник», НВФ «Юнисистем»;50.4555214;30.474088
Средняя общеобразовательная вечерняя школа №2;50.4651808;30.5143225
Юридический Лицей КНУВД;50.419118;30.4540104
Средняя школа № 69;50.4260202;30.4528597
Школа №101;50.4599151;30.4829433
Физико-математический лицей №142;50.450316;30.4657665
Технический лицей НТТУ КПИ, корпус № 2;50.4381953;30.4555499
Школа № 186;50.3897156;30.4901048
Средняя школа № 149;50.4361367;30.4541606
International House Kiev;50.4533218;30.468336
Києво-Могилянська Бізнес-Школа;50.4661336;30.5230021
4-й корпус НУ  Киево-Могилянская Академия ;50.4663536;30.5226568
Специализированная школа №19, старый корпус;50.4670353;30.5156928
Школа № 19;50.4672871;30.5157202
Спецшкола № 9 для слабослышащих детей;50.3879729;30.4883506
Школа №17 с углубленным изучением математики;50.4677684;30.5092122
Школа №10;50.4685318;30.5086016
Межотраслевой институт управления Министерства образования и науки Украины, Средняя школа №3, Школа-интернат №17;50.4304235;30.4472351
Кафедра АСОИУ;50.4470658;30.4553085
школа №179;50.3863141;30.4838204
Школа №116;50.3819477;30.4985431
Средняя школа № 64;50.4269378;30.4432708
ПТУ №16;50.404184;30.5772096
Школа №61;50.4646172;30.4766111
Школа №139;50.4684224;30.4852375
Художественная школа  Инди Арт ;50.4611194;30.4668836
Школа-интернат №2;50.4504783;30.4524935
Гимназия  Введенская  №107;50.4729;30.5125522
Средняя школа № 74;50.4508813;30.4511001
Лицей  Эрудит ;50.4412901;30.4418689
Kyiv School of Economics;50.4669531;30.4714286
Первая советская школа в Киеве (№71);50.4527907;30.4487559
Средняя школа № 12;50.4256289;30.4358679
Вечерняя школа №20;50.4496185;30.4449467
Средняя школа №159;50.4410532;30.4390812
Факультет кибернетики Киевского национального университета имени Шевченко;50.3830442;30.4704741
Детский сад-школа  Монтессори ;50.4353965;30.5952011
Средняя школа №1;50.4727297;30.4770524
Средняя школа № 70;50.4709241;30.4707178
Средняя школа № 229;50.4485517;30.4389041
Средняя школа №279;50.3932279;30.4487599
Гимназия - интернат № 13;50.4184429;30.4316166
Средняя школа № 141;50.4361006;30.5969041
Русановский лицей;50.4420379;30.5953174
Средняя школа № 228;50.422888;30.5995363
Средняя школа №182;50.441574;30.5962702
Украинский физико-математический лицей  КНУ им. Тараса Шевченко;50.3798011;30.468666
ПТУ №29;50.4213396;30.428996
Общеобразовательная  школа № 174;50.4298818;30.4288324
Лицей МАУП № 128;50.4491922;30.5924552
Украинский колледж им. В. А. Сухомлинского (сш №272);50.457136;30.5860729
Гимназия № 191 имени П. Г. Тычины;50.4300971;30.6010839
Специализированная школа №173;50.4263791;30.4276402
Специализированная школа № 327;50.4313495;30.6011787
Школа-детский сад  Русановка ;50.4412143;30.5984688
Средняя школа № 137;50.4385182;30.5998179
Специализированная школа № 209;50.4229452;30.6020723
Общеобразовательная школа первой степени № 128;50.4459266;30.5982301
Гимназия № 136;50.4401889;30.6014755
Школа №122 им. Марии Боровиченко;50.3712688;30.5414343
Учебный комбинат КП  Киевпастранс ;50.4625583;30.4445489
Школа №52;50.4274367;30.4236545
Лицей  Престиж ;50.4293163;30.4231086
Лицей №208;50.4465688;30.6004375
Специализированная средняя школа № 114;50.4800021;30.4789116
Средняя школа №125;50.447655;30.6007674
Киевский христианский университет (КХУ);50.4187399;30.6074032
Административно-учебный корпус;50.4245797;30.4206893
Специализированная школа № 97;50.4671636;30.4456679
Киевский спортивный лицей-интернат;50.4242533;30.4199543
Музыкальная школа №34 джазового искусства;50.4591484;30.5938527
Детская художественная школа №7;50.4633102;30.4396423
Средняя школа № 81;50.4291274;30.6097509
Средняя школа № 260;50.3811412;30.4500352
Средняя школа № 54;50.4304491;30.4191617
Средняя школа №195 им. Героя Советского Союза В. И. Кудряшова;50.4336253;30.6094148
Школа-детский сад  Кияночка ;50.4661548;30.4421871
Средняя школа № 65;50.4586993;30.5960923
Школа № 220;50.3792881;30.451768
Средняя школа № 46;50.4427956;30.4214966
Средняя школа № 30 (гимназия  Эконад );50.4278059;30.6111717
Средняя школа № 227 им. М. М. Громова;50.3800115;30.4500218
Бывшие келии монастыря;50.3665897;30.5424991
Специализованная школа с углубленным изучением английского языка № 82 им. Т. Г. Шевченко;50.4593925;30.431705
Школа № 118;50.4843779;30.477882
Средняя школа № 67;50.4424505;30.4184577
Школа англійської мови The Bridge;50.4421413;30.4180352
Техшкола КМ;50.4510692;30.606274
Средняя школа № 24;50.4720004;30.4453253
Школа-детский сад «Кобзарик»;50.4643921;30.4346019
Детская музыкальная школа №14 им.Д.Кабалевского;50.4319442;30.4147321
Вальдорфская школа-детский сад  София ;50.4451495;30.610619
Средняя школа № 26;50.4377938;30.4153651
Технологический лицей ORT;50.441962;30.6127596
Технический лицей Днепровского района;50.4426547;30.6126597
Лицей Бизнеса;50.4613768;30.4283202
Средняя школа № 232;50.4916118;30.5100658
;50.4400933;30.6157539
Технологический лицей, 2 корпус;50.443923;30.614326
;50.4479574;30.6135669
Специализированная школа № 148 имени Ивана Багряного;50.4516823;30.6113567
Средняя школа № 329 «Логос» им. Георгия Гонгадзе;50.4085706;30.6157342
Средняя школа № 111 им. С. А. Ковпака;50.4135561;30.6176593
Школа № 161;50.4391169;30.4114866
Технический лицей Шевченковского района;50.4749015;30.4420799
Романо-германская гимназия №123;50.4867859;30.4673463
Средняя школа №146;50.4439081;30.6174183
Лингвистическая гимназия № 167;50.4421022;30.6182454
Средняя школа № 216;50.4942157;30.5148643
Политехнический Лицей НТУУ  КПИ ;50.4421653;30.409947
второй корпус Политехнического Лицея НТУУ  КПИ ;50.441986;30.4098773
Вальдорфская школа  София ;50.4450485;30.6183171
Средняя школа № 169 им. Котовского ;50.4784758;30.444239
Средняя школа  №199;50.4809382;30.4487663
Средняя школа № 99;50.4503741;30.6160855
Школа №273;50.3626065;30.5591154
Школа №317;50.410016;30.4080727
ДЮФК  Сталь ;50.3657154;30.4589563
Средняя школа № 269;50.3656008;30.4582644
Гуманитарная гимназия «Гармония»;50.4620768;30.6099245
Киевская инженерная гимназия;50.4026197;30.6192961
Средняя школа № 286;50.3644647;30.4597851
Средняя школа №66;50.439046;30.6243923
Школа № 188;50.4468626;30.6226087
Киевская гимназия № 154;50.4582123;30.4133645
Средняя общеобразовательная школа № 2;50.4903975;30.4636456
Школа-интернат № 14;50.4771274;30.594424
Средняя школа № 28;50.4779288;30.4358427
Средняя школа № 265;50.4796963;30.5902987
Специализированная школа №254;50.4138227;30.4027318
Школьный стадион;50.4981811;30.5003955
Средняя школа № 62;50.4008468;30.6216994
Средняя школа № 233;50.4988191;30.5089822
Средняя школа № 132;50.3663569;30.4488444
Школа 19 века;50.3530776;30.5095023
Школа-детский сад  Осокорки ;50.3997817;30.6215277
Средняя школа № 219;50.4984813;30.4994335
Спортивная футбольная школа  Смена ;50.4990085;30.5074748
Школа № 258;50.4639839;30.61273
Средняя школа № 201;50.4750886;30.5998
Специализированная школа № 31 (экспериментальный проект);50.4332153;30.6294483
;50.4119528;30.4008436
УВК «Доминанта»;50.4630722;30.6148588
Средняя школа № 223;50.4145115;30.3998699
Средняя школа №163 им. М.П. Кирпоноса;50.4670581;30.4176234
Средняя специализированная школа № 211 с углубленным изучением английского языка;50.5001199;30.5088914
Средняя общеобразовательная школа №176 с углубленным изучением испанского языка;50.4477507;30.6261733
Общеобразовательная школа № 236;50.3561405;30.4741462
Школа № 210;50.5004143;30.5067023
Школа-детский сад  Дивосвит ;50.4780489;30.5984875
;50.5006697;30.5169198
Специализированная школа №204;50.4640947;30.6155296
Средняя школа №297;50.4189794;30.3974399
Школа-интернат №7;50.3547795;30.4772785
Детско-юношеская футбольная школа «Динамо Киев» им. Валерия Лобановского;50.4729743;30.4222771
ДЮСШ №17, СДЮШОР №2;50.4132986;30.3980936
Средняя  школа № 314;50.4010485;30.626066
Школа № 211;50.501426;30.5098298
Славянская гимназия;50.4131788;30.6316638
Школа-детсад  Первая Ласточка ;50.5017553;30.5074158
Специализированная школа №172;50.4694832;30.4162395
Агро-индустриальная компания;50.443554;30.631264
Средняя школа № 183 (экспериментальный проект);50.4659602;30.6170229
Гимназия  Киевская Русь ;50.3943081;30.624026
Средняя общеобразовательная школа № 126;50.4395449;30.6332195
Средняя школа №120;50.4872325;30.5874808
Общеобразовательная школа-интернат №23;50.4726414;30.4181867
Школа-интернат № 18;50.4857756;30.5912375
Средняя школа № 234;50.4914429;30.5805409
Школьный стадион;50.5034468;30.5021371
Средняя школа № 180;50.4872705;30.5909425
Школа №73;50.4591877;30.4032522
Школа № 309;50.4061124;30.633493
Детский клуб  Берегиня , ансамбль  Ладоньки ;50.4279408;30.3911018
Лицей № 157;50.5043432;30.5025771
Средняя школа №158;50.4836474;30.5987772
УВК «Лесная сказка», гимназия«Апогей»;50.451655;30.3973916
Школа;50.3563761;30.4558986
Средняя общеобразовательная школа № 42;50.4357113;30.6377631
Британская международная школа;50.4658194;30.4070342
Средняя школа № 13 им. Ивана Хитриченко;50.4257998;30.3899967
Лицей  Научная смена ;50.4065277;30.6352177
Школа-сад  Позняки ;50.4091585;30.636352
Школа № 129;50.4540101;30.6313446
Международная школа  Меридиан ;50.4802647;30.4228431
Школьные мастерские;50.4864804;30.5962613
Специализированная школа № 98;50.4864147;30.5969198
Специализированная школа им. Дмитрия Луценка №197;50.4231498;30.3888742
Центр творчества детей и юношества;50.4533064;30.3962088
Средняя школа №83;50.4334015;30.3890257
Школа-детский сад  Доминанта ;50.4640369;30.6257093
Школа № 303;50.4141537;30.6395547
Школа № 235;50.4124643;30.3897358
Средняя школа № 225;50.5057967;30.4954022
Специализированная школа им. Дмитрия Луценко №197 (младшая);50.4217399;30.3870097
Скандинавская гимназия;50.3936845;30.6317764
Школа №150;50.3451727;30.533865
Средняя школа №175;50.4736622;30.4098182
Гимназия № 315;50.4022265;30.6380823
Средняя школа №8;50.4990272;30.4549411
Средняя школа № 239;50.5079819;30.5031672
Школа № 68;50.491745;30.4362884
Начальные классы специализированной школы № 98;50.4886528;30.5988764
Средняя школа № 4;50.4838198;30.6075158
Гимназия-интернат № 299 с изучением иврита;50.5077704;30.4927146
Средняя школа № 224;50.4909736;30.5959341
Школа №296;50.4093346;30.6423229
начальная школа №296;50.4092936;30.6423182
Средняя школа № 214;50.5083008;30.4954424
Вечерняя школа № 18;50.4673765;30.6278953
;50.4399463;30.6435781
Школа № 296;50.4071876;30.6422665
Средняя школа № 325  Счастье ;50.4933455;30.593048
Школа № 290;50.4184185;30.6456677
Санаторная школа-интернат № 19;50.4908234;30.4301654
Специализированная школа № 246 им. Николая Кибальчича;50.4913105;30.5980463
Школа № 105;50.4244738;30.6471589
Центр последипломного образования Укртелеком;50.4269993;30.3814781
ДЮСШ № 14 Деснянского района;50.4722897;30.6265086
Школа № 281;50.4173995;30.3816954
Лицей туризма;50.5029529;30.4574677
Школьный стадион;50.4731484;30.6259238
Гимназия № 323;50.3947908;30.6389406
Школа № 295;50.4066072;30.6448817
Средняя школа № 275;50.4991211;30.5837274
Средняя школа № 218;50.4739046;30.625543
Средняя школа № 35;50.4332935;30.3808237
Средняя школа № 206;50.4263808;30.3802979
Средняя школа № 284;50.4198102;30.6485818
Школьный стадион;50.4676087;30.6321493
Средняя школа №184;50.4893047;30.6053552
Спортивная школа  Ушу-Гунфу ;50.4930469;30.5986538
Средняя школа № 253;50.4395944;30.3813922
Школьный стадион;50.4658297;30.6340885
Средняя школа №189;50.4663897;30.6337076
Средняя школа № 264;50.5004041;30.5823969
Экономико-правовой лицей №192;50.4672297;30.6331135
Kyiv International School;50.4500632;30.3844715
Школа-детский сад «Материнка»;50.424407;30.3785597
Центр творчества детей и юношества;50.51132;30.4893967
Школа № 196;50.4170568;30.3788736
Детский сад;50.4111038;30.6495219
Средняя школа № 205;50.4304407;30.3775094
Вспомогательная школа-интернат №16;50.4588674;30.387124
Гимназия № 143;50.5119933;30.4878434
Средняя школа №271;50.5031047;30.4475319
Летняя база клуба Юных Моряков  Шквал ;50.3481784;30.579983
Школа № 266;50.408579;30.6506028
Средняя школа № 27;50.4769934;30.4008717
Специализированная школа № 131;50.4222189;30.3756081
Гимназия «Престиж»;50.4790665;30.4027909
Средняя Школа №231 / Музыкальная школа №40;50.5131502;30.4878437
Одногодичная сельскохозяйственная школа.;50.4934564;30.4230925
Средняя школа №215;50.4366117;30.3750273
Мастерская;50.4717998;30.6356871
Школа-сад Райдуга;50.4806111;30.4026407
Немецкая школа в Киеве;50.5000913;30.4347387
Средняя школа № 95 им. Героев-североморцев;50.4796629;30.4011628
Средняя общеобразовательная школа № 63;50.4852789;30.408048
Школа № 316;50.3971807;30.648378
Школа № 190;50.4717742;30.6364488
Школа № 299;50.5079629;30.4554636
Филиал средней школы № 268;50.5160445;30.5065816
Средняя школа № 127;50.4253235;30.6560906
Средняя школа № 302;50.4060927;30.6525783
Центр детского и юношеского творчества;50.4743083;30.6346491
Средняя школа № 14;50.5077412;30.4535081
Вишнёвская школа № 4;50.3936751;30.3818662
Средняя школа №312;50.5041317;30.5863961
Специализированная школа № 40;50.4557775;30.3801531
Средняя школа № 251;50.5000373;30.5967844
Средняя школа № 152;50.4768738;30.6326185
Школа-интернат для детей с проблемами со зрением;50.5068325;30.4492803
Школьный стадион;50.5000586;30.598057
Средняя школа № 202;50.4801929;30.629754
;50.4822394;30.6279408
Средняя школа № 119;50.5000339;30.5993405
Учебно-воспитательный комплекс № 240  Социум  лицея  Управленческие технологии ;50.5174669;30.5043769
Средняя школа № 212;50.4764736;30.6348153
Высшее коммерческое училище КНТЭУ;50.4669155;30.64368
Гимназия  Потенциал , вечерняя школа № 22;50.5179206;30.5113519
Гимназия № 267;50.4111747;30.6570562
Гимназия № 39;50.4842823;30.6266159
Средняя школа № 274;50.4145139;30.6580049
Школьный стадион;50.5173578;30.4948526
Дитсадок  Витоки ;50.4887843;30.4080614
Школа № 194 «Перспектива»;50.5176192;30.4934017
Средняя школа №96;50.4620265;30.3805393
Средняя школа № 20;50.5185192;30.5039477
Гимназия «Европа»;50.4262314;30.6602766
Лицей  Эко  № 198;50.4301979;30.3687322
Детская художественная школа №3;50.5186027;30.4997635
Средняя школа № 147;50.4845963;30.6281071
Средняя школа №270;50.5058637;30.5899063
Школа № 291;50.4229161;30.66094
Международная школа  Меридиан ;50.501844;30.4289425
Средняя школа № 289;50.4187728;30.6607121
Гимназия «Киево-Могилянский коллегиум»;50.5018303;30.6004428
Средняя школа № 252;50.5186391;30.4940906
Средняя школа № 261;50.4098217;30.6593657
Специализированная школа «Триумф»;50.4063199;30.6586913
Средняя школа №156;50.5085919;30.4432681
начальная школа №198;50.433058;30.3669579
Средняя школа № 259;50.5066743;30.5921118
Средняя школа № 226;50.520726;30.5173855
Детсад № 486 с яслями;50.4922722;30.4080078
Средняя школа № 222;50.432361;30.3657817
Школа-детсад  Турбота ;50.5209323;30.5071878
Средняя школа № 255;50.4060354;30.6603607
Средняя школа № 45;50.4931391;30.4081084
Школа-Парк. Голосеево;50.3341705;30.474261
Школа № 16;50.5124511;30.451181
Средняя общеобразовательная школа № 262;50.5087802;30.4394298
Средняя школа №285;50.5160572;30.4633326
Средняя школа № 278;50.5116151;30.5820268
Средняя школа № 76;50.4355593;30.364505
Средняя школа № 203;50.4819407;30.391649
Спортивно-оздоровительный центр (сауна  Бодрость );50.5017309;30.607975
Вишневская школа №2;50.3894573;30.3747001
Средняя школа № 242;50.5063357;30.4307261
Детский сад;50.4829596;30.3922096
Средняя школа № 237;50.4061674;30.6627211
Гимназия № 244  Оболонь ;50.5227552;30.5187294
Вишнёвская школа № 3;50.3944859;30.3702302
Корпус  Нова школа  школи №185;50.4611104;30.3719294
Школа № 185;50.4614587;30.37135
Средняя школа № 185;50.4618924;30.3713232
Средняя школа № 160;50.4266969;30.668689
Школьный стадион;50.462547;30.371283
Корпус  Нова школа  школи № 185.;50.4617473;30.370709
Школа-интернат №15;50.4555965;30.3672675
Киевская гимназия восточных языков №1;50.4531758;30.3658917
Средняя школа № 213;50.4869019;30.6361484
Гимназия «Академия»;50.4589333;30.368248
School;50.4104695;30.3613561
Средняя школа № 256;50.523497;30.4881923
Детская школа искусств № 3;50.5071478;30.6038788
Школа-интернат № 6;50.5091247;30.4296907
Средняя школа № 238;50.5042848;30.6102409
Средняя школа № 207;50.4863951;30.6384497
Гимназия № 34  Лыбидь ;50.510984;30.4336041
Коллегиум «Олимп»;50.5196686;30.4617217
Вишнёвская школа  №1;50.3810823;30.3744936
Школьный стадион;50.5094028;30.6012743
Средняя школа № 168;50.5246827;30.4883597
Гимназия-интернат № 299;50.5261043;30.5075741
Стройплощадка нового корпуса школы № 1;50.381533;30.373418
Средняя школа № 29;50.5209055;30.4628936
Лицей «Интеллект»;50.4066372;30.6692496
Средняя школа № 298;50.5265988;30.5183565
Школа;50.3552553;30.4022383
Средняя школа № 249;50.5099733;30.6026771
Школа-детский сад  Мечта ;50.5106582;30.6014943
Средняя школа № 245;50.5271717;30.509642
Средняя школа № 247;50.5057404;30.6124699
Средняя школа № 170;50.5271453;30.5057072
Мастерская средней школы № 103;50.4467977;30.6703466
Школа;50.3291522;30.5623716
Школа-детский сад  Свичадо ;50.4637877;30.3657603
Средняя школа № 193;50.514652;30.4330999
Недостроенная средняя школа;50.5154919;30.5943274
Колледж «Академия искусства красоты»;50.4022033;30.6717936
Средняя школа № 321;50.5151525;30.5957503
Школа искусств им. М. Д. Леонтовича;50.5064654;30.6158897
Средняя школа № 250, автошкола  Карат ;50.5117959;30.605877
Средняя школа № 248;50.5076728;30.6148111
Средняя школа №9;50.5235403;30.4584535
Средняя школа № 200;50.4629527;30.3614708
Школьный стадион;50.512224;30.6070865
Средняя школа № 140;50.4529414;30.3560228
Школа №3;50.5093328;30.415414
Общественно-торговый центр;50.5075964;30.617786
Средняя школа №263;50.5131297;30.6059736
Хотівський навчально-виховний комплекс;50.3253782;30.4688349
Школьный стадион;50.4636545;30.3606051
Средняя школа № 93;50.5162032;30.4296639
Крюковщинская школа;50.3753984;30.3699445
Школа-детский сад  Подсолнух ;50.5125515;30.609034
Школа-детский сад  Светлячок ;50.5088945;30.6170377
Школа-детсад  Восход ;50.4508985;30.3521837
Школа № 6;50.5129762;30.4170951
Финансовый лицей;50.5140969;30.4194635
УПК (учебно-подготовительные курсы);50.4573674;30.3518021
Школа №217;50.4223393;30.684455
Средняя школа № 276;50.5155022;30.6110617
Средняя специализированная школа № 277;50.5124864;30.6184173
Гимназия №287;50.4579548;30.3508151
Недостроенная часть школы;50.4736981;30.6687158
Средняя школа №308;50.5204077;30.6011832
Средняя школа № 23;50.4738445;30.6693675
Спецшкола  № 113;50.4055897;30.683537
Школьный стадион;50.4620631;30.3518182
Школа № 257;50.5113661;30.4061383
Детский сад-школа  Верес ;50.5125686;30.6210127
Школа № 322;50.5140712;30.6180408
Специализированная школа «Славия»;50.5170388;30.6121855
Средняя школа № 288;50.4618105;30.3506488
Средняя школа №313;50.5213757;30.602238
КДЮСШ «Маяк»;50.536426;30.527699
Средняя школа № 11;50.4534627;30.6833603
Школа;50.4365587;30.340986
Святошинская гимназия;50.4624456;30.3485941
Детский сад-школа  Престиж ;50.5192372;30.6131699
Средняя школа № 282;50.515862;30.62307
Гимназия № 283;50.5205807;30.6144892
Школа № 55;50.4663713;30.3468521
Приватна школа  Співтворчість ;50.518468;30.6204575
Средняя школа № 50;50.4584859;30.3409874
Средняя школа № 306;50.5257872;30.6053567
Специализированная школа № 304;50.4617233;30.3416861
Средняя школа № 292;50.5195691;30.6228356
Средняя школа № 307;50.5266686;30.6058394
Детский сад - школа Оріяна ;50.5249397;30.6146505
Лицей строительства и коммунального хозяйства;50.4773586;30.3467019
Средняя школа № 320;50.5304032;30.6040599
Средняя школа № 162;50.4760793;30.3450161
Гимназия  Троещина ;50.5260157;30.6161767
School ;50.3069459;30.5073917
Школа-детский сад «Диамант»;50.5318376;30.6009013
Средняя школа № 301;50.5273422;30.6143099
Детский сад/школа  Улыбка ;50.528771;30.6130224
Средняя школа № 294;50.5236017;30.6253085
Российско-украинская гуманитарная гимназия;50.5221158;30.6289762
Средняя школа № 300;50.5286262;30.614397
Заброшенная школьная теплица;50.5238092;30.6260644
СЗШ №280;50.3893376;30.6955379
Дошкольное учебное заведение № 721;50.5296066;30.6141248
Средняя школа № 311;50.5321282;30.6120917
Средняя школа № 293;50.5280403;30.6231577
Заброшенная теплица школы;50.5277717;30.6238668
Средняя школа №72 им. Героев Брестской крепости;50.4698989;30.3321415
Средняя школа №230;50.470522;30.3309385
Школа № 305;50.3830064;30.7008487
Коцюбинский гуманитарный лицей;50.4848848;30.336366
Международная благотворительная фундация  Отчий Дом   ;50.3823398;30.3225727
Школа;50.3789759;30.3242317
Средняя школа № 18;50.4922936;30.3298764
Санаторная школа-интернат № 21;50.5304673;30.3573904
Средняя школа № 18;50.5677292;30.4571673
Ходосівська середня школа;50.2761934;30.5178952
Средняя школа №104;50.541109;30.3581616
Школа;50.5540264;30.6449984
Французская школа;50.5414901;30.3567465
Гимназия «Интеллект»;50.5802186;30.4854083
Вышгородский технический лицей НТУУ  КПИ ;50.5809941;30.4809261
Школа № 4;50.3491745;30.2992979
Школа;50.3403319;30.3057808
Школа-интернат №4;50.5435363;30.3461185
Школа № 3;50.5860037;30.482372
Школа № 1;50.5869304;30.486158
Музыкальная школа;50.5881276;30.4890722
Школа;50.5867976;30.5718075
Іванковичівська середня школа;50.2743481;30.4111406
Школа №5;50.3368465;30.2924984
Сш №3;50.4979524;30.7523578
Зазимская школа и детский садик;50.5587705;30.6847849
Детский учебно-воспитательный комплекс  Золоче-School ;50.2965019;30.6924158
Британская Международная Школа;50.2965088;30.6924346
Боярская школа №1;50.3119477;30.3118587
Школа № 3;50.3339206;30.2847549
Гимназия;50.3369158;30.2810253
Военный лицей им. И. Богуна;50.3244484;30.2920532
Вишенская ООШ;50.3042203;30.7138386
СШ № 1;50.4994162;30.7697546
Школа;50.3214563;30.2880194
Школа № 2;50.3133745;30.2957388
Горенская средняя общеобразовательная школа;50.5607198;30.3277829
Полицейский Финансово-Правовой Колледж;50.5028096;30.7698996
Межшкольный учебный комбинат;50.3089553;30.2998692
Школа милиции;50.5988742;30.5988
Училище физической культуры;50.5074428;30.7711279
Школа;50.2419955;30.4855506
Средняя Школа №6;50.4984677;30.7841206
Средняя школа № 9;50.5084936;30.7832462
Школа № 2;50.380995;30.224483
Школа;50.6123061;30.4507971
Школа № 3;50.6124099;30.4513201
;50.5222079;30.2501866
Школа;50.2310303;30.5409005
Школа №3;50.5367689;30.2594294
Средняя школа № 7;50.5108305;30.7944765
Школа;50.4151308;30.2050062
СШ №8;50.5172554;30.790708
Средняя школа №12;50.5216538;30.2417214
Средняя Школа №5;50.5187699;30.7900053
;50.5138188;30.7942056
ДЮСШ Бассейн  Лидер ;50.5179376;30.7909575
Школа № 1;50.5274062;30.2405266
Школа №17;50.5173626;30.2319203
School;50.2920999;30.2739053
Школа № 10;50.5219009;30.7981914
Средняя школа №2;50.5276122;30.2346933
Школа;50.6193198;30.6279945
ПТУ;50.5192048;30.8051249
Общеобразовательная средняя школа пос. Глеваха;50.2552399;30.3229871
Гимназия им. С. Олийника (Бывшая Школа № 4);50.5089542;30.8237099
Школа № 1;50.2297393;30.6470023
Загальноосвітня школа 1-3 рівнів №13;50.5694941;30.2651292
Школа № 2;50.6342147;30.4367772
Школа;50.2287525;30.6461289
Школа;50.603038;30.7056524
School;50.3187876;30.2201499
Школа №2;50.50877;30.8305737
Школа № 8;50.5555192;30.2386236
Школа № 3;50.5460011;30.2269302
Дом творчести;50.5470253;30.2143228
Школа;50.2010069;30.5521711
Школа дит.садок  №2 1 Берізка ;50.5319253;30.1999998
Школа №4 и Украинская гимназия;50.5528932;30.2155217
Школа;50.3940825;30.8730497
Школа №7;50.559568;30.2169808
School No. 2;50.6528821;30.4072165
Калиновская школа;50.5600962;30.8228275
Школа;50.2889845;30.8327677
Требухівська ЗОШ І-ІІІ ступенів;50.4871801;30.8893785
Васильковская средняя школа № 8;50.2134033;30.3175342
Ecole;50.415364;30.125723
Лицей;50.4144121;30.1256753
Школа № 14;50.5919122;30.2197985
Школа;50.2510914;30.230872
School 9;50.2085765;30.315318
Школа в с. Даниловка;50.2547701;30.2163049
Школа;50.3281454;30.1419542
Школа №5;50.5426159;30.1503816
Школа;50.1641903;30.5748814
Школа;50.3594665;30.1123108
Школа;50.6791145;30.6441602
Школа;50.5138682;30.9116489
Калиновская ЗОШ №2  русская ;50.230079;30.2263397
Лютежская школа;50.683733;30.3932825
Школа-інтернат;50.1894428;30.3109681
Школа №8;50.3672569;30.9292951
Украинская школа №1;50.2206109;30.2378659
Школа;50.6620098;30.730487
Дитячий садок;50.595968;30.1783597
Школа;50.5967708;30.1792972
School 6;50.1891715;30.301331
Сш №2;50.18348;30.316232
Internat School;50.1825337;30.3145864
Шкільна майстерня;50.1845019;30.3087982
Школа №5;50.3548295;30.931103
Школа №3;50.1837523;30.3091254
Школа №2 (младшие классы);50.1831726;30.3093427
Школа мистецтв;50.1802734;30.3148198
Школа №2;50.1776315;30.318422
Школа №7;50.1747449;30.3271017
Школа №1;50.1767916;30.3162109
Васильковская школа искуств;50.1758344;30.317449
Old Building of School 4;50.1603963;30.3628877
School 4;50.159874;30.3637487
Школа;50.1934654;30.2534294
Начальная школа;50.5828994;30.8963978
Школа;50.1413139;30.4163468
Школа;50.5781926;30.1170846
Средняя школа;50.5932692;30.9026648
Ліцей;50.5946936;30.9011614
Школа;50.164972;30.2871508
Школа №1;50.5659778;30.0971585
Синяковская общеобразовательная школа І-ІІ степеней;50.6820734;30.2674412
Школа;50.123849;30.48973
Немешаевская средняя школа №2;50.5570903;30.0849812
Школа № 3;50.1317621;30.6527781
Средняя школа №1 (младшая);50.1509944;30.7442978
Обуховская школа №5;50.1282407;30.6601381
Школа;50.3034083;30.0634593
Школа № 1;50.1501351;30.7459674
School;50.6516579;30.1708461
Школа;50.1121796;30.5509821
Школа;50.5738551;30.0732171
Средняя школа № 2;50.1467939;30.7503354
Школа;50.2221906;30.8964568
Школа мистецтв;50.1170034;30.6370832
Школа;50.710642;30.7450676
Школа;50.2223588;30.1265394
Школа;50.628487;30.9088142
Школа № 1;50.1116001;30.6275198
Міська гімназія;50.1083034;30.6241804
Школа № 2;50.1056534;30.6216967
Школа;50.3533086;30.0093447
Школа;50.1132248;30.689339
Школа;50.1792101;30.1440999
Школа;50.1793132;30.1421955
Школа №4;50.0879499;30.6057577
Трипольская школа-интернат;50.1259107;30.7749017
Литвинівска ЗОШ І-ІІІ ступенів;50.7223906;30.2401069
Школа;50.0777867;30.4641571
Трипольская средняя школа;50.116956;30.783855
Боровская общеобразовательная школа;50.1807204;30.1142715
Красненська школа iм. Г. Косинки;50.0792601;30.671795
Школа с. Парадівка;50.1351938;30.177606
Школа;50.0668845;30.4361522
Кодаківська ЗОШ 1-3 ступенів;50.0979475;30.2459085
Школа;50.3060783;29.9508826
School;50.0574206;30.3611535
Витачевская школа;50.1094516;30.8710509
Школа;50.1528575;30.0742578
Школа;50.1427193;30.0872568
Семиполковская средняя школа;50.7218293;30.9325951
Школа;50.1303599;30.0434097
Бородянський будинок-інтернат;50.665621;29.9665832
Дитячий садок;50.0788076;30.899018
Бородянська середня школа № 1;50.6480315;29.943232
Школа;50.0458847;30.2150176
Школа;50.0029103;30.4284167
Германівська гімназія;49.9938083;30.5563507
Школа №2;50.6474366;29.9278414
Школа;50.7277629;30.0225234
Школа;49.9865745;30.552505
Школа № 1;50.4638901;29.8135578
Школа № 2;50.4493135;29.8113799
Андріївська середня школа № 1;50.5509239;29.8328898
Школа;50.3851709;29.8057832
Школа;50.0061961;30.7831039
Школа;49.986459;30.3186634
Школа;50.0961787;30.013318
школа;50.0586679;30.0530899
School ;49.9509386;30.7038313
Школа;50.0040413;30.1239484
Школа;49.9307937;30.5152291
Школа;50.2863926;29.7664369
Лицей;50.0829211;29.9440956
Спеціалізована загальноосвітня школа №9;50.08036;29.9280184
Стара школа;49.9200342;30.6220078
Школа;49.9196197;30.621922
Нова школа;49.91934;30.6222278
ул. Якубовского, 14;50.0739291;29.9298263
Школа № 5;50.0809693;29.9194407
Школа;50.2162561;29.7797371
ПТУ 18;50.0606895;29.9452972
ООШ №2;50.0828144;29.9104339
Школа;49.9524896;30.1868811
Гимназия;49.9534716;30.1816767
Школа № 1;50.0757521;29.9167907
Дитячий садок № 1  Теремок ;50.0752512;29.916721
Школа;49.9424964;30.2144302
Школа №4;50.0691082;29.9143603
ЗОШ №3;50.0859984;29.8844754
СШ №12;50.0603003;29.9201971
Школа;49.9561029;30.8924912
ЗОШ №7;50.0672943;29.8981171
Школа;49.8928025;30.5406885
Школа;49.9843893;30.0080608
Дослидницкая общеобразовательная школа 1-3 ступени;49.9248016;30.1485472
Школа-дитячий садочок;50.1064051;29.8056935
Школа;50.4853389;29.6408346
Школа;49.9048424;30.8345273
Школа;49.8897892;30.7929504
Школа;49.9616928;30.0110006
Школа;50.5602539;29.6502928
Школа;49.9952968;29.916613
школа;50.1595526;29.7023964
Школа;49.8430541;30.6094604
Средняя школа № 3;49.8676721;30.8192655
Средняя школа №1;49.8640384;30.8226451
Районный лицей;49.8638893;30.8243003
Школа;49.9903012;29.8529326
Песковская средняя школа;50.6923798;29.6416926
Школа;49.874767;30.0867879
Терезинская средняя школа;49.8597561;30.1066214
КОИСП;49.8592675;30.1058568
Загальноосвітня школа;50.2447897;29.5773517
Школа;50.5891948;29.5580599
Sсhool;50.1412039;29.6245211
Буртовская общеобразовательная школа;49.8395825;30.9217916
Тетеревская средняя школа;50.6986051;29.5874745
Тетеревская гимназия;50.6999232;29.58365
Школа;49.9725258;29.7808886
Соловеевская школа;50.1961281;29.5553321
дитячий садок  Ромашка  (непрацюючий);49.9142866;29.8088425
Малополовецька ЗОШ I-III ступенів;49.9132157;29.8068899
