1	Кільцева Дорога	Голосіївський район
2	вул.Кримська	Голосіївський район
3	вул.Саперно-Слобідська	Голосіївський район
4	вул.Феодосійська	Голосіївський район
5	пров.Литовський	Голосіївський район
6	пров.Ржевський	Голосіївський район
7	пров.Саперно-Слобідський	Голосіївський район
8	пров.Серпуховський	Голосіївський район
9	пров.Феодосійський	Голосіївський район
10	проїзд Саперно-Слобідський	Голосіївський район
11	вул.Велика Китаївська	Голосіївський район
12	просп.Науки	Голосіївський район
13	вул.Павла Грабовського	Голосіївський район
14	шосе Стратегічне	Голосіївський район
15	вул.Байкальська	Голосіївський район
16	вул.Єнісейська	Голосіївський район
17	вул.Іртишська	Голосіївський район
18	вул.Столєтова	Голосіївський район
19	пров.Павла Грабовського	Голосіївський район
20	пров.Столєтова	Голосіївський район
21	пров.Стратегічний	Голосіївський район
22	вул.Баренбойма	Голосіївський район
23	вул.Будіндустрії	Голосіївський район
24	вул.Вітянська	Голосіївський район
25	вул.Деревообробна	Голосіївський район
26	вул.Новопирогівська	Голосіївський район
27	вул.Острівна	Голосіївський район
28	вул.Охотська	Голосіївський район
29	пров.Охотський	Голосіївський район
30	вул.Набережно-Корчуватська	Голосіївський район
31	вул.Плещеєва	Голосіївський район
32	пров.Плещеєва	Голосіївський район
33	шосе Чапаєвське	Голосіївський район
34	вул.Бродівська	Голосіївський район
35	вул.Вітавська	Голосіївський район
36	вул.Дібровна	Голосіївський район
37	вул.Залежна	Голосіївський район
38	вул.Заливна	Голосіївський район
39	вул.Кленова Долина	Голосіївський район
40	вул.Лазурна	Голосіївський район
41	вул.Ліснича	Голосіївський район
42	вул.Любомирська	Голосіївський район
43	вул.Лютнева (Голосіївський район)	Голосіївський район
44	вул.Ново-Бродівська	Голосіївський район
45	вул.Передова	Голосіївський район
46	вул.Підбірна	Голосіївський район
47	вул.Риболовецька	Голосіївський район
48	вул.Соснова (Голосіївський район)	Голосіївський район
49	вул.Спокійна	Голосіївський район
50	вул.Цілинна	Голосіївський район
51	пров.Бродівський	Голосіївський район
52	пров.Дібровний	Голосіївський район
53	пров.Залежний	Голосіївський район
54	пров.Лазурний	Голосіївський район
55	пров.Підбірний	Голосіївський район
56	шосе Столичне	Голосіївський район
57	вул.Генерала Матикіна	Голосіївський район
58	вул.Лісова-Козинська	Голосіївський район
59	вул.Старообухівська	Голосіївський район
60	вул.Бойова	Голосіївський район
61	вул.Голосіївська	Голосіївський район
62	вул.Гребінки	Голосіївський район
63	вул.Добрий Шлях	Голосіївський район
64	пров.Голосіївський	Голосіївський район
65	вул.Конотопська	Голосіївський район
66	вул.Листопадна	Голосіївський район
67	вул.Максима Рильського	Голосіївський район
68	вул.Олега Кошевого	Голосіївський район
69	вул.Райгородська	Голосіївський район
70	вул.Санітарна	Голосіївський район
71	вул.Снайперська	Голосіївський район
72	вул.Стрілкова	Голосіївський район
73	вул.Уральська	Голосіївський район
74	вул.Цимбалів Яр	Голосіївський район
75	пров.Інгульський	Голосіївський район
76	пров.Радянський (Голосіївський район)	Голосіївський район
77	пров.Райгородський	Голосіївський район
78	пров.Тихвінський	Голосіївський район
79	пров.Тобольський	Голосіївський район
80	пров.Тульський	Голосіївський район
81	пров.Уральський	Голосіївський район
82	пров.Цимбалів Яр	Голосіївський район
83	вул.Ковельська	Голосіївський район
84	пров.Керамічний	Голосіївський район
85	пров.Полоцький	Голосіївський район
86	пров.Ремісничий	Голосіївський район
87	просп.40-Річчя Жовтня	Голосіївський район
88	вул.Ціолковського	Голосіївський район
89	пров.Ціолковського	Голосіївський район
90	вул.Малокитаївська	Голосіївський район
91	вул.Оскольська	Голосіївський район
92	пров.Малокитаївський	Голосіївський район
93	вул.Полковника Потєхіна	Голосіївський район
94	вул.Героїв Оборони	Голосіївський район
95	вул.Генерала Родимцева	Голосіївський район
96	вул.Полковника Затєвахіна	Голосіївський район
97	пров.Сільськогосподарський	Голосіївський район
98	вул.Лисогірська	Голосіївський район
99	вул.Панорамна	Голосіївський район
100	вул.Ракетна	Голосіївський район
101	вул.Блакитного	Голосіївський район
102	вул.Левітана	Голосіївський район
103	пров.Левітана	Голосіївський район
104	пров.Моторний	Голосіївський район
105	вул.Академіка Кащенка	Голосіївський район
106	вул.Армійська	Голосіївський район
107	вул.Весняна	Голосіївський район
108	вул.Закарпатська	Голосіївський район
109	вул.Червонопрапорна	Голосіївський район
110	вул.Адмірала Ушакова	Голосіївський район
111	вул.Буковинська	Голосіївський район
112	вул.Військова	Голосіївський район
113	вул.Маршальська	Голосіївський район
114	вул.Ново-Корчуватська	Голосіївський район
115	вул.Золотоніська	Голосіївський район
116	вул.Квітки-Основ’яненка	Голосіївський район
117	вул.Китаївська	Голосіївський район
118	вул.Корчуватська	Голосіївський район
119	вул.Марії Боровиченко	Голосіївський район
120	вул.Оксани Петрусенко	Голосіївський район
121	вул.Парникова	Голосіївський район
122	вул.Садова (Голосіївський район)	Голосіївський район
123	вул.Салавата Юлаєва	Голосіївський район
124	вул.Степана Дуки	Голосіївський район
125	вул.Трахтемирівська	Голосіївський район
126	вул.Учбова	Голосіївський район
127	вул.Хортицька	Голосіївський район
128	вул.Хутірська	Голосіївський район
129	вул.Ягідна	Голосіївський район
130	вул.Ягідна 60	Голосіївський район
131	вул.Ягідна-Марії Боровиченко	Голосіївський район
132	пров.Квітки-Основ’яненка	Голосіївський район
133	пров.Корчуватський	Голосіївський район
134	пров.Самбірський	Голосіївський район
135	пров.Учбовий	Голосіївський район
136	пров.Хортицький	Голосіївський район
137	пров.Черешневий	Голосіївський район
138	пров.Ягідний	Голосіївський район
139	вул.Барикадна	Голосіївський район
140	вул.Квітуча	Голосіївський район
141	вул.Комунальна	Голосіївський район
142	вул.Корінна	Голосіївський район
143	вул.Лауреатська	Голосіївський район
144	вул.Солов’їна	Голосіївський район
145	вул.Ставкова	Голосіївський район
146	вул.Фестивальна	Голосіївський район
147	вул.Фіалкова	Голосіївський район
148	пров.Цегельний	Голосіївський район
149	пров.Червонопрапорний	Голосіївський район
150	шосе Дніпропетровське	Голосіївський район
151	вул.Теремківська	Голосіївський район
152	просп.Академіка Глушкова	Голосіївський район
153	вул.Жулянська	Голосіївський район
154	вул.Чабанівська	Голосіївський район
155	вул.Академіка Заболотного	Голосіївський район
156	вул.Івана Сірка	Голосіївський район
157	вул.Орбітна	Голосіївський район
158	вул.Планетна	Голосіївський район
159	вул.Селекціонерів	Голосіївський район
160	вул.Якова Степового	Голосіївський район
161	вул.Академіка Лебедєва	Голосіївський район
162	вул.Липнева	Голосіївський район
163	вул.Метрологічна	Голосіївський район
164	вул.Ломоносова	Голосіївський район
165	вул.Васильківська	Голосіївський район
166	вул.Маршала Конєва	Голосіївський район
167	вул.Академіка Вільямса	Голосіївський район
168	вул.Московська (Голосіївський район)	Голосіївський район
169	вул.Творча	Голосіївський район
170	вул.Успішна	Голосіївський район
171	вул.Щаслива	Голосіївський район
172	вул.Дмитра Луценка (Крейсера "Аврора")	Голосіївський район
173	вул.Лятошинського	Голосіївський район
174	вул.Маршала Якубовського	Голосіївський район
175	вул.Юрія Смолича	Голосіївський район
176	вул.Василя Касіяна	Голосіївський район
177	вул.Академіка Костичева	Голосіївський район
178	вул.Красилівська	Голосіївський район
179	вул.Михайла Стельмаха	Голосіївський район
180	пров.Задорожний	Голосіївський район
181	вул.Андрія Бубнова	Голосіївський район
182	вул.Бурмистенка	Голосіївський район
183	вул.Володі Дубініна	Голосіївський район
184	пров.Василя Жуковського	Голосіївський район
185	пров.Коломийський	Голосіївський район
186	вул.Сєченова	Голосіївський район
187	вул.Трутенка	Голосіївський район
188	вул.Фрометівська	Голосіївський район
189	вул.Фрометівський Узвіз	Голосіївський район
190	пров.Тихонівський	Голосіївський район
191	пров.Ясинуватський	Голосіївський район
192	просп.Червонозоряний (Голосіївський район)	Голосіївський район
193	вул.Балакірєва	Голосіївський район
194	вул.Батумська	Голосіївський район
195	вул.Кустанайська	Голосіївський район
196	вул.Майкопська	Голосіївський район
197	вул.Мистецька	Голосіївський район
198	вул.Пролетарська	Голосіївський район
199	вул.Римського-Корсакова	Голосіївський район
200	вул.Сквирська	Голосіївський район
201	пров.Балакірєва	Голосіївський район
202	пров.Гулака-Артемовського	Голосіївський район
203	пров.Кустанайський	Голосіївський район
204	пров.Майкопський	Голосіївський район
205	пров.Пролетарський	Голосіївський район
206	пров.Сквирський	Голосіївський район
207	пров.Хутоярівський	Голосіївський район
208	пров.Щоглівський	Голосіївський район
209	вул.Водогінна	Голосіївський район
210	вул.Гатна	Голосіївський район
211	вул.Гвардійська	Голосіївський район
212	вул.Генерала Доватора	Голосіївський район
213	вул.Гориста	Голосіївський район
214	вул.Деміївська	Голосіївський район
215	вул.Козацька	Голосіївський район
216	вул.Краматорська	Голосіївський район
217	вул.Криворізька	Голосіївський район
218	вул.Маршала Говорова	Голосіївський район
219	вул.Москвіна	Голосіївський район
220	вул.Нікопольська	Голосіївський район
221	вул.Професора Буйка	Голосіївський район
222	вул.П’ятигорська	Голосіївський район
223	вул.Тихорецька	Голосіївський район
224	вул.Ужгородська	Голосіївський район
225	вул.Холмогорська	Голосіївський район
226	вул.Хотівська	Голосіївський район
227	вул.Широка	Голосіївський район
228	пров.Бурмистенка	Голосіївський район
229	пров.Васильківський	Голосіївський район
230	пров.Генерала Доватора	Голосіївський район
231	пров.Гористий	Голосіївський район
232	пров.Козацький	Голосіївський район
233	пров.Краматорський	Голосіївський район
234	пров.Москвіна	Голосіївський район
235	пров.П’ятигорський	Голосіївський район
236	пров.Тихорецький	Голосіївський район
237	пров.Холмогорський	Голосіївський район
238	пров.Деміївський	Голосіївський район
239	вул.Віктора Забіли	Голосіївський район
240	вул.Льва Толстого	Голосіївський район
241	вул.Микільсько-Ботанічна	Голосіївський район
242	вул.Паньківська	Голосіївський район
243	вул.Саксаганського (Голосіївський район)	Голосіївський район
244	вул.Тарасівська	Голосіївський район
245	вул.Василя Яна	Голосіївський район
246	вул.Гайдара	Голосіївський район
247	вул.Жилянська (Голосіївський район)	Голосіївський район
248	вул.Либідська	Голосіївський район
249	вул.Володимирська (Голосіївський район)	Голосіївський район
250	вул.Горького (Голосіївський район)	Голосіївський район
251	вул.Червоноармійська (Голосіївський район)	Голосіївський район
252	вул.Боженка	Голосіївський район
253	вул.Димитрова (Голосіївський район)	Голосіївський район
254	вул.Івана Федорова (Голосіївський район)	Голосіївський район
255	вул.Ямська	Голосіївський район
256	пров.Фізкультури	Голосіївський район
257	вул.Володимиро-Либідська	Голосіївський район
258	вул.Лабораторна (Голосіївський район)	Голосіївський район
259	вул.Богунська	Голосіївський район
260	вул.Волзька	Голосіївський район
261	вул.Кіровоградська (Голосіївський район)	Голосіївський район
262	вул.Кочубеївська	Голосіївський район
263	вул.Профінтерну	Голосіївський район
264	вул.Псковська	Голосіївський район
265	вул.Тельмана	Голосіївський район
266	пров.Богунський	Голосіївський район
267	пров.Волзький	Голосіївський район
268	пров.Кіровоградський	Голосіївський район
269	пров.Профінтерну	Голосіївський район
270	пров.Псковський	Голосіївський район
271	вул.Тверська (Голосіївський район)	Голосіївський район
272	вул.Здолбунівська	Дарницький район
273	вул.Сортувальна	Дарницький район
274	вул.Дніпрова	Дарницький район
275	вул.Затишна	Дарницький район
276	вул.Зовнішня	Дарницький район
277	вул.Івана Бойка	Дарницький район
278	вул.Кочерги	Дарницький район
279	вул.Любарська	Дарницький район
280	вул.Тальнівська	Дарницький район
281	вул.Тепловозна	Дарницький район
282	пров.Заводський	Дарницький район
283	пров.Кочерги	Дарницький район
284	пров.Любарський	Дарницький район
285	просп.Григоренка	Дарницький район
286	вул.Анни Ахматової	Дарницький район
287	вул.Батуринська	Дарницький район
288	вул.Зоотехніків	Дарницький район
289	вул.Урлівська	Дарницький район
290	пров.Батуринський	Дарницький район
291	пров.Дніпровий	Дарницький район
292	вул.Дніпровська Набережна	Дарницький район
293	вул.Позняківська	Дарницький район
294	вул.Прип’ятська	Дарницький район
295	вул.Княжий Затон	Дарницький район
296	вул.Срібнокільська	Дарницький район
297	вул.Іжевська	Дарницький район
298	вул.Трускавецька	Дарницький район
299	пров.Іжевський	Дарницький район
300	пров.Осокірський	Дарницький район
301	вул.Єлизавети Чавдар	Дарницький район
302	вул.Завальна	Дарницький район
303	вул.Зарічна	Дарницький район
304	вул.Костянтина Ареф’єва	Дарницький район
305	вул.Малоземельна	Дарницький район
306	вул.Маслівка	Дарницький район
307	вул.Осокірська	Дарницький район
308	вул.Підлипка	Дарницький район
309	вул.Садова (Дарницький район)	Дарницький район
310	просп.Бажана	Дарницький район
311	вул.Бориса Гмирі	Дарницький район
312	вул.Михайла Гришка	Дарницький район
313	вул.Олександра Мишуги	Дарницький район
314	вул.Соломії Крушельницької	Дарницький район
315	вул.Лариси Руденко	Дарницький район
316	вул.Вишняківська	Дарницький район
317	вул.Ревуцького	Дарницький район
318	вул.Драгоманова	Дарницький район
319	вул.Олександра Кошиця	Дарницький район
320	вул.Олени Пчілки	Дарницький район
321	вул.Степана Олійника	Дарницький район
322	вул.Архітектора Вербицького	Дарницький район
323	вул.Тростянецька	Дарницький район
324	вул.Декабристів	Дарницький район
325	вул.Вірменська	Дарницький район
326	вул.Вакуленчука	Дарницький район
327	вул.Горлівська	Дарницький район
328	вул.Дніпродзержинська	Дарницький район
329	вул.Колекторна	Дарницький район
330	вул.Харківське шосе	Дарницький район
331	вул.Кронштадська	Дарницький район
332	вул.Врожайна	Дарницький район
333	вул.Привокзальна	Дарницький район
334	вул.Сімферопольська	Дарницький район
335	вул.Ілліча	Дарницький район
336	вул.Крупської	Дарницький район
337	вул.Ялтинська	Дарницький район
338	вул.Заслонова	Дарницький район
339	вул.Ново-Дарницька	Дарницький район
340	вул.Російська	Дарницький район
341	вул.Миколи Руднєва	Дарницький район
342	вул.Гостинна	Дарницький район
343	вул.Санаторна	Дарницький район
344	вул.Севастопольська	Дарницький район
345	вул.Бориспільська	Дарницький район
346	вул.Вереснева	Дарницький район
347	вул.Сормовська	Дарницький район
348	вул.Волго-Донська	Дарницький район
349	пров.Волго-Донський	Дарницький район
350	пров.Миколи Руднєва	Дарницький район
351	вул.Зрошувальна	Дарницький район
352	вул.Поліська	Дарницький район
353	пров.Поліський	Дарницький район
354	вул.Росошанська	Дарницький район
355	вул.Славгородська	Дарницький район
356	вул.Кунанбаєва Абая	Дарницький район
357	пров.Гостинний	Дарницький район
358	пров.Славгородський	Дарницький район
359	вул.Бортницька	Дарницький район
360	вул.Грузинська	Дарницький район
361	вул.Дібровна (Борова)	Дарницький район
362	вул.Лісна (Дарницький район)	Дарницький район
363	вул.Молочанська	Дарницький район
364	вул.Ташкентська	Дарницький район
365	вул.Томашпільська	Дарницький район
366	вул.Чернігівська (Дарницький район)	Дарницький район
367	вул.Ялинкова	Дарницький район
368	вул.23 км Харківського шосе	Дарницький район
369	пров.Бортницький	Дарницький район
370	пров.Вакуленчука	Дарницький район
371	пров.Вірменський	Дарницький район
372	пров.Грузинський	Дарницький район
373	пров.Диканський	Дарницький район
374	пров.Дібровний (Боровий)	Дарницький район
375	пров.Загородний (Заміський)	Дарницький район
376	пров.Молочанський	Дарницький район
377	пров.Харківський	Дарницький район
378	пров.Чернігівський	Дарницький район
379	пров.Ялинковий	Дарницький район
380	вул.Геофізиків	Дарницький район
381	вул.Леніна (Дарницький район)	Дарницький район
382	вул.Озерна (Дарницький район)	Дарницький район
383	вул.Світла	Дарницький район
384	вул.Фрунзе (Дарницький район)	Дарницький район
385	пров.Геофізиків	Дарницький район
386	вул.Бориспільське шосе 23 км	Дарницький район
387	вул.Демидівська	Дарницький район
388	вул.Дяченка	Дарницький район
389	вул.Нижній Вал (Дарницький район)	Дарницький район
390	вул.Суворова (Дарницький район)	Дарницький район
391	вул.Чапаєва (Дарницький район)	Дарницький район
392	вул.Чкалова	Дарницький район
393	пров.Озерний	Дарницький район
394	пров.Суворова	Дарницький район
395	пров.1-й Садовий	Дарницький район
396	пров.2-й Садовий	Дарницький район
397	пров.3-й Садовий	Дарницький район
398	вул.Горького (Дарницький район)	Дарницький район
399	вул.Дружби	Дарницький район
400	вул.Енгельса	Дарницький район
401	вул.Калініна	Дарницький район
402	вул.Карла Маркса (Дарницький район)	Дарницький район
403	вул.Комсомольська	Дарницький район
404	вул.Комуністична	Дарницький район
405	вул.Котовського (Дарницький район)	Дарницький район
406	вул.Коцюбинського (Дарницький район)	Дарницький район
407	вул.Лугова (Дарницький район)	Дарницький район
408	вул.Лютнева (Дарницький район)	Дарницький район
409	вул.Свердлова	Дарницький район
410	вул.Челюскінців	Дарницький район
411	вул.Червоноармійська (Дарницький район)	Дарницький район
412	пров.Енгельса	Дарницький район
413	пров.Комсомольський	Дарницький район
414	пров.Котовського	Дарницький район
415	пров.Луговий	Дарницький район
416	вул.Борова	Дарницький район
417	вул.Будьонного	Дарницький район
418	вул.Жданова	Дарницький район
419	вул.Комінтерну	Дарницький район
420	вул.Переяслівська	Дарницький район
421	вул.Терешкової	Дарницький район
422	вул.Чехова	Дарницький район
423	пров.Боровий	Дарницький район
424	пров.Жданова	Дарницький район
425	пров.Інженерний (Дарницький район)	Дарницький район
426	пров.Комінтерну	Дарницький район
427	пров.Лісний	Дарницький район
428	пров.Чехова	Дарницький район
429	пров.1-й Будьоного	Дарницький район
430	пров.1-й Комінтерну	Дарницький район
431	пров.1-й Чехова	Дарницький район
432	пров.2-й Будьоного	Дарницький район
433	пров.2-й Комінтерну	Дарницький район
434	пров.2-й Терешкової	Дарницький район
435	пров.2-й Чехова	Дарницький район
436	пров.3-й Комінтерну	Дарницький район
437	вул.Автотранспортна	Дарницький район
438	вул.Березнева (Дарницький район)	Дарницький район
439	вул.Вишнева	Дарницький район
440	вул.Воровського (Дарницький район)	Дарницький район
441	вул.Гоголя (Дарницький район)	Дарницький район
442	вул.Джерельна (Дарницький район)	Дарницький район
443	вул.Крилова	Дарницький район
444	вул.Кринична (Дарницький район)	Дарницький район
445	вул.Крута	Дарницький район
446	вул.Левадна	Дарницький район
447	вул.Лермонтова (Дарницький район)	Дарницький район
448	вул.Липова	Дарницький район
449	вул.Мостова (Дарницький район)	Дарницький район
450	вул.Островського	Дарницький район
451	вул.Польова (Дарницький район)	Дарницький район
452	вул.Приозерна (Дарницький район)	Дарницький район
453	вул.Промислова	Дарницький район
454	вул.Толстого (Дарницький район)	Дарницький район
455	вул.Тургенєва (Дарницький район)	Дарницький район
456	вул.Франка	Дарницький район
457	вул.Чайковського	Дарницький район
458	вул.Шевченка (Дарницький район)	Дарницький район
459	вул.1-го Травня	Дарницький район
460	пров.Березневий	Дарницький район
461	пров.Левадний	Дарницький район
462	пров.Лермонтова	Дарницький район
463	пров.Островського	Дарницький район
464	пров.Промисловий	Дарницький район
465	пров.Франка	Дарницький район
466	пров.Шевченка (Дарницький район)	Дарницький район
467	пров.1-й Бортницький	Дарницький район
468	пров.1-й Дружби	Дарницький район
469	пров.1-й Лермонтова	Дарницький район
470	пров.1-й Польовий	Дарницький район
471	пров.1-й Франка	Дарницький район
472	пров.2-й Бортницький	Дарницький район
473	пров.2-й Гоголя	Дарницький район
474	пров.2-й Дружби	Дарницький район
475	пров.2-й Левадний	Дарницький район
476	пров.2-й Лермонтова	Дарницький район
477	пров.2-й Тупіковий	Дарницький район
478	пров.2-й Франка	Дарницький район
479	пров.3-й Дружби	Дарницький район
480	пров.3-й Левадний	Дарницький район
481	пров.3-й Тупіковий	Дарницький район
482	пров.4-й Лермонтова	Дарницький район
483	вул.Оноре де Бальзака	Деснянський район
484	вул.Каштанова	Деснянський район
485	просп.Володимира Маяковського	Деснянський район
486	вул.Архітектора Ніколаєва	Деснянський район
487	вул.Миколи Закревського	Деснянський район
488	вул.Теодора Драйзера	Деснянський район
489	вул.Вікентія Беретті	Деснянський район
490	вул.Олександра Сабурова	Деснянський район
491	вул.Миколи Лаврухіна	Деснянський район
492	вул.Градинська	Деснянський район
493	вул.Радунська	Деснянський район
494	вул.Лісківська	Деснянський район
495	вул.Будівельників (Деснянський район)	Деснянський район
496	вул.Василя Боженка	Деснянський район
497	вул.Деснянська (Деснянський район)	Деснянський район
498	вул.Дзержинського	Деснянський район
499	вул.Димитрова (Деснянський район)	Деснянський район
500	вул.Запорожця Петра	Деснянський район
501	вул.Карла Маркса (Деснянський район)	Деснянський район
502	вул.Кірова	Деснянський район
503	вул.Маяковського	Деснянський район
504	вул.Миру (Деснянський район)	Деснянський район
505	вул.Мічуріна (Деснянський район)	Деснянський район
506	вул.Натана Рибака	Деснянський район
507	вул.Олександра Довженка	Деснянський район
508	вул.Олександра Матросова (Деснянський район)	Деснянський район
509	вул.Пожарського (Деснянський район)	Деснянський район
510	вул.Польова (Деснянський район)	Деснянський район
511	вул.Сергія Лазо (Деснянський район)	Деснянський район
512	вул.Вірності	Деснянський район
513	вул.Гоголя (Деснянський район)	Деснянський район
514	вул.Горького (Деснянський район)	Деснянський район
515	вул.Кутузова (Деснянський район)	Деснянський район
516	вул.Леніна (Деснянський район)	Деснянський район
517	вул.Лермонтова (Деснянський район)	Деснянський район
518	вул.Лесі Українки (Деснянський район)	Деснянський район
519	вул.Макаренка (Деснянський район)	Деснянський район
520	вул.Некрасова	Деснянський район
521	вул.Петровського (Деснянський район)	Деснянський район
522	вул.Пушкіна	Деснянський район
523	вул.Садова (Деснянський район)	Деснянський район
524	вул.Сєдова	Деснянський район
525	вул.Суворова (Деснянський район)	Деснянський район
526	вул.Толстого (Деснянський район)	Деснянський район
527	вул.Тургенєва (Деснянський район)	Деснянський район
528	вул.Фрунзе (Деснянський район)	Деснянський район
529	вул.Шевченка (Деснянський район)	Деснянський район
530	вул.Щорса (Деснянський район)	Деснянський район
531	бульв.Вигурівський	Деснянський район
532	вул.Костянтина Данькевича	Деснянський район
533	вул.Марини Цвєтаєвої	Деснянський район
534	бульв.Володимира Висоцького	Деснянський район
535	бульв.Леоніда Бикова	Деснянський район
536	вул.Будищанська	Деснянський район
537	вул.Милославська	Деснянський район
538	вул.Братиславська (Деснянський район)	Деснянський район
539	вул.Мілютенка	Деснянський район
540	вул.Шолом-Алейхема	Деснянський район
541	вул.Кіото	Деснянський район
542	вул.Миколи Матеюка	Деснянський район
543	вул.Маршала Жукова	Деснянський район
544	вул.Магнітогорська	Деснянський район
545	вул.Академіка Курчатова	Деснянський район
546	вул.Бігова	Деснянський район
547	вул.Мостищанська	Деснянський район
548	вул.Нахімова	Деснянський район
549	вул.Томашевська	Деснянський район
550	пров.Зимовий	Деснянський район
551	просп.Лісовий	Деснянський район
552	вул.космонавта Волкова	Деснянський район
553	вул.Бобринецька	Деснянський район
554	вул.Кадіївська	Деснянський район
555	вул.Кисловодська	Деснянський район
556	вул.Кузбаська	Деснянський район
557	вул.Путивльська	Деснянський район
558	вул.Радистів	Деснянський район
559	вул.Ушицька	Деснянський район
560	пров.Биковнянський	Деснянський район
561	пров.Вешенський	Деснянський район
562	пров.Кадіївський	Деснянський район
563	пров.Кантемирівський	Деснянський район
564	пров.Кисловодський	Деснянський район
565	просп.Броварський	Деснянський район
566	вул.Петра Вершигори	Дніпровський район
567	просп.Генерала Ватутіна	Дніпровський район
568	вул.Райдужна	Дніпровський район
569	бульв.Перова	Дніпровський район
570	вул.Валентина Сєрова	Дніпровський район
571	вул.Старосільська	Дніпровський район
572	вул.Марка Черемшини	Дніпровський район
573	просп.Алішера Навої	Дніпровський район
574	вул.Івана Микитенка	Дніпровський район
575	вул.Миколи Кибальчича	Дніпровський район
576	вул.Братиславська (Дніпровський район)	Дніпровський район
577	вул.Генерала Карбишева	Дніпровський район
578	вул.Курнатовського	Дніпровський район
579	вул.Едуарда Вільде	Дніпровський район
580	вул.Сулеймана Стальського	Дніпровський район
581	вул.Петра Запорожця	Дніпровський район
582	вул.Воскресенська	Дніпровський район
583	просп.Визволителів	Дніпровський район
584	вул.Анатолія Луначарського	Дніпровський район
585	вул.Золота	Дніпровський район
586	вул.Каховська	Дніпровський район
587	вул.Комбінатна	Дніпровський район
588	вул.Прибережна	Дніпровський район
589	вул.Силікатна	Дніпровський район
590	вул.Степана Сагайдака	Дніпровський район
591	вул.Цегельна	Дніпровський район
592	вул.10 Садова	Дніпровський район
593	вул.16 Садова	Дніпровський район
594	вул.17 Садова	Дніпровський район
595	вул.18 Садова	Дніпровський район
596	вул.2 Садова	Дніпровський район
597	вул.32 Садова	Дніпровський район
598	вул.5 Садова	Дніпровський район
599	вул.8 Садова	Дніпровський район
600	пров.Анатолія Луначарського	Дніпровський район
601	пров.3 Садовий	Дніпровський район
602	вул.Микільсько-Слобідська	Дніпровський район
603	вул.Панельна	Дніпровський район
604	вул.Челябінська	Дніпровський район
605	вул.Чернігівська (Дніпровський район)	Дніпровський район
606	вул.Олександра Мільчакова	Дніпровський район
607	вул.Генерала Жмаченка	Дніпровський район
608	вул.Миропільська	Дніпровський район
609	вул.Міста Шалетт	Дніпровський район
610	вул.Космічна	Дніпровський район
611	вул.Юності	Дніпровський район
612	вул.Андрія Малишка	Дніпровський район
613	вул.Олександра Бойченка	Дніпровський район
614	вул.Бажова	Дніпровський район
615	вул.Будівельників (Дніпровський район)	Дніпровський район
616	вул.Краківська	Дніпровський район
617	вул.Попудренка	Дніпровський район
618	пров.Будівельників	Дніпровський район
619	бульв.Праці	Дніпровський район
620	вул.Пожарського (Дніпровський район)	Дніпровський район
621	вул.Червоноткацька	Дніпровський район
622	вул.Баха	Дніпровський район
623	вул.Івана Дубового	Дніпровський район
624	бульв.Верховної Ради	Дніпровський район
625	вул.Мініна	Дніпровський район
626	вул.Берегова	Дніпровський район
627	вул.Миколи Лебедєва	Дніпровський район
628	вул.Червоногвардійська	Дніпровський район
629	просп.Юрія Гагаріна	Дніпровський район
630	вул.Івана Сергієнка	Дніпровський район
631	вул.Павла Усенка	Дніпровський район
632	бульв.Ярослава Гашека	Дніпровський район
633	вул.Празька	Дніпровський район
634	вул.Лохвицька	Дніпровський район
635	вул.Сосницька	Дніпровський район
636	пров.Лобачевського	Дніпровський район
637	вул.Азербайджанська	Дніпровський район
638	вул.Володимира Сосюри	Дніпровський район
639	пров.Бишівський	Дніпровський район
640	вул.Бишівська	Дніпровський район
641	вул.Гродненська	Дніпровський район
642	вул.Микешина	Дніпровський район
643	пров.Гродненський	Дніпровський район
644	вул.Алма-Атинська	Дніпровський район
645	вул.Калачівська	Дніпровський район
646	вул.Люботинська	Дніпровський район
647	вул.Новаторів	Дніпровський район
648	вул.Профспілкова	Дніпровський район
649	вул.Сновська	Дніпровський район
650	вул.Станюковича	Дніпровський район
651	вул.Трактористів	Дніпровський район
652	вул.Щепкіна	Дніпровський район
653	пров.Азербайджанський	Дніпровський район
654	пров.Васнєцова	Дніпровський район
655	пров.Люботинський	Дніпровський район
656	пров.Новаторів	Дніпровський район
657	пров.Профспілковий	Дніпровський район
658	пров.Сновський	Дніпровський район
659	вул.Лобачевського	Дніпровський район
660	вул.Хорольська	Дніпровський район
661	пров.Хорольський	Дніпровський район
662	вул.Астраханська	Дніпровський район
663	вул.Двінська	Дніпровський район
664	вул.Краснокутська	Дніпровський район
665	вул.Устима Кармелюка	Дніпровський район
666	пров.Астраханський	Дніпровський район
667	пров.Краснокутський	Дніпровський район
668	пров.Устима Кармелюка	Дніпровський район
669	вул.Машиністівська	Дніпровський район
670	вул.Сергія Лазо (Дніпровський район)	Дніпровський район
671	вул.Вільхова	Дніпровський район
672	вул.Макаренка (Дніпровський район)	Дніпровський район
673	вул.Марганецька	Дніпровський район
674	вул.Новоросійська	Дніпровський район
675	вул.Олека Дундича	Дніпровський район
676	вул.Олекси Довбуша	Дніпровський район
677	вул.Паровозна	Дніпровський район
678	вул.Семафорна	Дніпровський район
679	вул.Сеноманська	Дніпровський район
680	вул.Шляховиків	Дніпровський район
681	пров.Макаренка	Дніпровський район
682	пров.Маломарганецький	Дніпровський район
683	пров.Марганецький	Дніпровський район
684	пров.Паровозний	Дніпровський район
685	пров.Сеноманський	Дніпровський район
686	пров.Шляховиків	Дніпровський район
687	вул.Волховська	Дніпровський район
688	вул.Рогозівська	Дніпровський район
689	вул.Остерська	Дніпровський район
690	пров.Волховський	Дніпровський район
691	вул.Винахідників	Дніпровський район
692	вул.Літинська	Дніпровський район
693	вул.Таганрозька	Дніпровський район
694	пров.Винахідників	Дніпровський район
695	пров.Гіллястий	Дніпровський район
696	пров.Остерський	Дніпровський район
697	пров.Слюсарний	Дніпровський район
698	пров.Таганрозький	Дніпровський район
699	вул.Березнева (Дніпровський район)	Дніпровський район
700	вул.Каунаська	Дніпровський район
701	просп.Возз’єднання	Дніпровський район
702	вул.Регенераторна	Дніпровський район
703	вул.Чудновського	Дніпровський район
704	просп.Миру	Дніпровський район
705	вул.Тампере	Дніпровський район
706	вул.Академіка Шліхтера	Дніпровський район
707	вул.Раїси Окіпної	Дніпровський район
708	вул.Флоренції	Дніпровський район
709	вул.Ованеса Туманяна	Дніпровський район
710	вул.Плеханова	Дніпровський район
711	вул.Марини Раскової	Дніпровський район
712	бульв.Олексія Давидова	Дніпровський район
713	вул.Ентузіастів	Дніпровський район
714	вул.Серафимовича	Дніпровський район
715	просп.Павла Тичини	Дніпровський район
716	бульв.Амвросія Бучми	Дніпровський район
717	вул.Березняківська	Дніпровський район
718	вул.Юрія Шумського	Дніпровський район
719	вул.Гавро Лайоша	Оболонський район
720	вул.Мате Залки	Оболонський район
721	просп.Героїв Сталінграда	Оболонський район
722	вул.Приозерна (Оболонський район)	Оболонський район
723	просп.Оболонський	Оболонський район
724	пл.Дружби Народів	Оболонський район
725	вул.Маршала Малиновського	Оболонський район
726	вул.Оболонська набережна	Оболонський район
727	вул.Прирічна	Оболонський район
728	вул.Маршала Тимошенка	Оболонський район
729	вул.Героїв Дніпра	Оболонський район
730	вул.Північна	Оболонський район
731	вул.Богатирська	Оболонський район
732	вул.Гайдай Зої	Оболонський район
733	вул.Озерна (Оболонський район)	Оболонський район
734	вул.Автозаводська	Оболонський район
735	вул.Казанська	Оболонський район
736	вул.Куренівська	Оболонський район
737	вул.Марко Вовчка	Оболонський район
738	вул.Резервна	Оболонський район
739	вул.Фрунзе (Оболонський район)	Оболонський район
740	пл.Фрунзе	Оболонський район
741	пров.Куренівський	Оболонський район
742	вул.Боровиковського	Оболонський район
743	вул.Вишгородська (Оболонський район)	Оболонський район
744	вул.Ново-Забарська	Оболонський район
745	вул.Попова	Оболонський район
746	вул.Івашкевича Ярослава	Оболонський район
747	вул.Мукачівська	Оболонський район
748	вул.Сокальська	Оболонський район
749	вул.Макіївська	Оболонський район
750	вул.Агрегатна	Оболонський район
751	пров.Попова	Оболонський район
752	вул.Полупанова	Оболонський район
753	вул.Дубровицька	Оболонський район
754	пров.Макіївський	Оболонський район
755	пров.Дубровицький	Оболонський район
756	вул.Академіка Навашина	Оболонський район
757	вул.Полярна	Оболонський район
758	вул.Панча Петра	Оболонський район
759	вул.Бережанська	Оболонський район
760	вул.Коноплянська	Оболонський район
761	вул.Майорова Михайла	Оболонський район
762	просп.Маршала Рокосовського	Оболонський район
763	просп.Мінський	Оболонський район
764	вул.Кондратюка Юрія	Оболонський район
765	вул.Джерельна (Оболонський район)	Оболонський район
766	вул.Дніпроводська	Оболонський район
767	вул.Павлика Морозова	Оболонський район
768	вул.13 Садова	Оболонський район
769	вул.8-Го Березня	Оболонський район
770	пров.Джерельний	Оболонський район
771	вул.Гамарника	Оболонський район
772	вул.Лісна (Оболонський район)	Оболонський район
773	вул.Межигірська (Оболонський район)	Оболонський район
774	вул.Червонофлотська	Оболонський район
775	вул.Юнкерова	Оболонський район
776	вул.Курортна	Оболонський район
777	вул.Міська	Оболонський район
778	вул.Новикова-Прибоя	Оболонський район
779	вул.Архітектора Городецького	Печерський район
780	вул.Заньковецької	Печерський район
781	вул.Інститутська	Печерський район
782	вул.Михайла Грушевського	Печерський район
783	вул.Ольгинська	Печерський район
784	вул.Станіславського	Печерський район
785	вул.Хрещатик (Печерський район)	Печерський район
786	вул.Шовковична	Печерський район
787	пров.Музейний	Печерський район
788	вул.Банкова	Печерський район
789	вул.Круглоуніверситетська	Печерський район
790	вул.Лютеранська	Печерський район
791	вул.Пилипа Орлика	Печерський район
792	пров.Івана Козловського	Печерський район
793	вул.Академіка Богомольця	Печерський район
794	вул.Липська	Печерський район
795	пров.Липський	Печерський район
796	вул.Басейна	Печерський район
797	вул.Дарвіна	Печерський район
798	вул.Кропивницького	Печерський район
799	пл.Бессарабська	Печерський район
800	узвіз Крутий	Печерський район
801	пров.Виноградний	Печерський район
802	пров.Івана Мар’яненка	Печерський район
803	пров.Чекістів	Печерський район
804	вул.Мечнікова	Печерський район
805	вул.Садова (Печерський район)	Печерський район
806	пров.Кріпосний	Печерський район
807	узвіз Кловський	Печерський район
808	вул.Івана Мазепи	Печерський район
809	вул.Лаврська	Печерський район
810	пров.Аскольдів	Печерський район
811	вул.Аїстова	Печерський район
812	вул.Аніщенка	Печерський район
813	вул.Московська (Печерський район)	Печерський район
814	пров.Інженерний (Печерський район)	Печерський район
815	вул.Андрія Іванова	Печерський район
816	вул.Григорія Царика	Печерський район
817	вул.Миколи Гайцана	Печерський район
818	вул.Суворова (Печерський район)	Печерський район
819	пров.Січневий	Печерський район
820	вул.Гусовського	Печерський район
821	пров.Панаса Мирного	Печерський район
822	вул.Панаса Мирного	Печерський район
823	вул.Рибальська	Печерський район
824	вул.Кутузова (Печерський район)	Печерський район
825	вул.Лейпцігська	Печерський район
826	вул.Олександра Копиленка	Печерський район
827	вул.Різницька	Печерський район
828	вул.Цитадельна	Печерський район
829	пров.Кутузова	Печерський район
830	вул.Козятинська	Печерський район
831	вул.Набережно-Печерська дорога	Печерський район
832	вул.Панфіловців	Печерський район
833	вул.Радіальна	Печерський район
834	вул.Редутна	Печерський район
835	вул.Старонаводницька	Печерський район
836	пров.Козятинський	Печерський район
837	пров.Михайла Реута	Печерський район
838	пров.Новонаводницький	Печерський район
839	пров.Панфіловців	Печерський район
840	пров.Редутний	Печерський район
841	вул.Леоніда Первомайського	Печерський район
842	узвіз Печерський	Печерський район
843	бульв.Дружби Народів	Печерський район
844	бульв.Лесі Українки	Печерський район
845	вул.Верхня	Печерський район
846	вул.Каменєва	Печерський район
847	вул.Кіквідзе	Печерський район
848	бульв.Марії Приймаченко	Печерський район
849	вул.Глазунова	Печерський район
850	вул.Івана Кудрі	Печерський район
851	вул.Патриса Лумумби	Печерський район
852	вул.Щорса (Печерський район)	Печерський район
853	вул.Бастіонна	Печерський район
854	вул.Землянська	Печерський район
855	вул.Курганівська	Печерський район
856	вул.Мічуріна (Печерський район)	Печерський район
857	вул.Пирятинська	Печерський район
858	вул.Сергія Струтинського	Печерський район
859	вул.Тимірязівська	Печерський район
860	пров.Бастіонний	Печерський район
861	пров.Землянський	Печерський район
862	пров.Курганівський	Печерський район
863	пров.Мічуріна	Печерський район
864	пров.Пирятинський	Печерський район
865	пров.Сафронівський	Печерський район
866	вул.Буслівська	Печерський район
867	вул.Вільшанська	Печерський район
868	вул.Гастелло	Печерський район
869	вул.Добролюбова	Печерський район
870	вул.Дубенська	Печерський район
871	вул.Звіринецька	Печерський район
872	вул.Лізи Чайкіної	Печерський район
873	вул.Миколи Соловцова	Печерський район
874	вул.Новоселицька	Печерський район
875	вул.Правобережна	Печерський район
876	вул.Ржищівська	Печерський район
877	вул.Седовців	Печерський район
878	вул.Сорочинська	Печерський район
879	пров.Вільшанський	Печерський район
880	пров.Звіринецький	Печерський район
881	пров.Кленовий	Печерський район
882	пров.Новоселицький	Печерський район
883	пров.Сніжнянський	Печерський район
884	пров.Тимірязєвський	Печерський район
885	пров.Ясеневий	Печерський район
886	вул.Михайла Драгомирова	Печерський район
887	вул.Німанська	Печерський район
888	вул.Підвисоцького	Печерський район
889	вул.Видубицька	Печерський район
890	вул.Катерини Білокур	Печерський район
891	шосе Залізничне	Печерський район
892	вул.Верхньо-Гірська	Печерський район
893	вул.Івана Фіалека	Печерський район
894	вул.Лубенська	Печерський район
895	вул.Мендєлєєва	Печерський район
896	вул.Олександра Матросова (Печерський район)	Печерський район
897	вул.Остапа Вишні	Печерський район
898	вул.Ромоданівська	Печерський район
899	вул.Тиха	Печерський район
900	вул.Товарна	Печерський район
901	вул.Чорногірська	Печерський район
902	вул.Яготинська	Печерський район
903	пров.Пішохідний	Печерський район
904	пров.Філатова	Печерський район
905	вул.Філатова	Печерський район
906	вул.Чеська	Печерський район
907	вул.Госпітальна	Печерський район
908	пров.Госпітальний	Печерський район
909	вул.Арсенальна	Печерський район
910	вул.Ластовського	Печерський район
911	вул.Лєскова	Печерський район
912	вул.Немировича-Данченка	Печерський район
913	пров.Арсенальний	Печерський район
914	пров.Лабораторний	Печерський район
915	пров.Щорса	Печерський район
916	вул.Чигоріна	Печерський район
917	вул.Миколи Раєвського	Печерський район
918	вул.Еспланадна	Печерський район
919	вул.Рогнідинська	Печерський район
920	вул.Саксаганського (Печерський район)	Печерський район
921	вул.Червоноармійська (Печерський район)	Печерський район
922	вул.Шота Руставелі	Печерський район
923	вул.Димитрова (Печерський район)	Печерський район
924	вул.Лабораторна (Печерський район)	Печерський район
925	вул.Предславинська	Печерський район
926	вул.Анрі Барбюса	Печерський район
927	вул.Літня	Печерський район
928	вул.Івана Федорова (Печерський район)	Печерський район
929	вул.Ковпака	Печерський район
930	вул.Тверська (Печерський район)	Печерський район
931	вул.Саперне Поле	Печерський район
932	вул.Андріївська	Подільський район
933	вул.Борисоглібська	Подільський район
934	вул.Боричів Тік	Подільський район
935	вул.Воздвиженська	Подільський район
936	вул.Гончарна	Подільський район
937	вул.Дегтярна	Подільський район
938	вул.Житньоторзька	Подільський район
939	вул.Ігорівська	Подільський район
940	вул.Кожум’яцька	Подільський район
941	вул.Костянтинівська	Подільський район
942	вул.Межигірська (Подільський район)	Подільський район
943	вул.Нижній Вал (Подільський район)	Подільський район
944	вул.Петра Сагайдачного	Подільський район
945	вул.Покровська	Подільський район
946	вул.Притисько-Микільська	Подільський район
947	вул.Фролівська	Подільський район
948	вул.Хорива	Подільський район
949	пл.Контрактова	Подільський район
950	пров.Зелінського	Подільський район
951	узвіз Андріївський	Подільський район
952	узвіз Боричів	Подільський район
953	вул.Братська	Подільський район
954	вул.Волоська	Подільський район
955	вул.Волоська/Борисоглібська/Набережно-Хрещатицька	Подільський район
956	вул.Григорія Сковороди	Подільський район
957	вул.Іллінська	Подільський район
958	вул.Набережно-Хрещатицька	Подільський район
959	вул.Почайнинська	Подільський район
960	вул.Спаська	Подільський район
961	пров.Хорива	Подільський район
962	вул.Верхній Вал	Подільський район
963	вул.Щекавицька	Подільський район
964	вул.Ярославська	Подільський район
965	вул.Введенська	Подільський район
966	вул.Оболонська	Подільський район
967	вул.Фрунзе (Подільський район)	Подільський район
968	вул.Юрківська	Подільський район
969	пров.Ярославський	Подільський район
970	вул.Набережно-Лугова	Подільський район
971	вул.Турівська	Подільський район
972	вул.Оленівська	Подільський район
973	вул.Нижньоюрківська	Подільський район
974	пров.Мильний	Подільський район
975	пров.Цимлянський	Подільський район
976	вул.Електриків	Подільський район
977	пров.Електриків	Подільський район
978	вул.Новокостянтинівська	Подільський район
979	вул.Олексія Терьохіна	Подільський район
980	вул.Тульчинська	Подільський район
981	вул.Олени Теліги	Подільський район
982	вул.Петропавлівська	Подільський район
983	пров.Лютневий	Подільський район
984	вул.Захарівська	Подільський район
985	вул.Копилівська	Подільський район
986	вул.Верболозна	Подільський район
987	вул.Достоєвського	Подільський район
988	вул.Рилєєва	Подільський район
989	вул.Тагільська	Подільський район
990	вул.Фруктова	Подільський район
991	вул.Шполянська	Подільський район
992	пров.Артезіанський	Подільський район
993	пров.Верболозний	Подільський район
994	пров.Веселковий	Подільський район
995	пров.Достоєвського	Подільський район
996	пров.Петропавлівський	Подільський район
997	пров.Рилєєва	Подільський район
998	пров.Рясний	Подільський район
999	пров.Тагільський	Подільський район
1000	вул.Бондарська	Подільський район
1001	вул.Валківська	Подільський район
1002	вул.Сирецька	Подільський район
1003	пров.Бондарський	Подільський район
1004	вул.Лодигіна	Подільський район
1005	вул.Миколи Садовського	Подільський район
1006	вул.Одоєвського	Подільський район
1007	вул.Павлоградська	Подільський район
1008	вул.Яблочкова	Подільський район
1009	пров.Лодигіна	Подільський район
1010	пров.Миколи Садовського	Подільський район
1011	пров.Одоєвського	Подільський район
1012	пров.Подільський	Подільський район
1013	пров.Розважівський	Подільський район
1014	вул.Білицька	Подільський район
1015	вул.Вітчизняна	Подільський район
1016	вул.Глухівська	Подільський район
1017	вул.Гомельська	Подільський район
1018	вул.Городищенська	Подільський район
1019	вул.Замковецька	Подільський район
1020	вул.Зимова	Подільський район
1021	вул.Зоряна	Подільський район
1022	вул.Копайгородська	Подільський район
1023	вул.Красноводська	Подільський район
1024	вул.Мінська	Подільський район
1025	вул.Паркова	Подільський район
1026	вул.Переяславська	Подільський район
1027	вул.Піхотна	Подільський район
1028	вул.Полкова	Подільський район
1029	вул.Рожева	Подільський район
1030	вул.Старицького	Подільський район
1031	вул.Таврійська	Подільський район
1032	пров.Білицький	Подільський район
1033	пров.Бобруйський	Подільський район
1034	пров.Бурденка	Подільський район
1035	пров.Гомельський	Подільський район
1036	пров.Замковецький	Подільський район
1037	пров.Зоряний	Подільський район
1038	пров.Красноводський	Подільський район
1039	пров.Мінський	Подільський район
1040	пров.Парковий	Подільський район
1041	пров.Піхотний	Подільський район
1042	пров.Полковий	Подільський район
1043	пров.Рожевий	Подільський район
1044	пров.Старицького	Подільський район
1045	пров.Таврійський	Подільський район
1046	вул.Межова	Подільський район
1047	вул.Котовського (Подільський район)	Подільський район
1048	вул.Стеценка (Подільський район)	Подільський район
1049	вул.Тираспольська	Подільський район
1050	вул.Маршала Гречка	Подільський район
1051	вул.Вишгородська (Подільський район)	Подільський район
1052	вул.Жашківська	Подільський район
1053	вул.Мостицька	Подільський район
1054	просп.Правди	Подільський район
1055	вул.Брюсова	Подільський район
1056	вул.Наталії Ужвій	Подільський район
1057	вул.Брестська	Подільський район
1058	вул.Новомостицька	Подільський район
1059	пров.Квітневий	Подільський район
1060	просп.Свободи	Подільський район
1061	вул.Василя Порика	Подільський район
1062	вул.Світлицького	Подільський район
1063	просп.Георгія Гонгадзе	Подільський район
1064	вул.Газопровідна	Подільський район
1065	вул.Київське лісництво	Подільський район
1066	вул.Канівська	Подільський район
1067	вул.Косенка	Подільський район
1068	вул.Муси Джаліля	Подільський район
1069	вул.Верещагіна	Подільський район
1070	вул.Золочівська	Подільський район
1071	вул.Івана Їжакевича	Подільський район
1072	вул.Карелівська	Подільський район
1073	вул.Кобзарська	Подільський район
1074	вул.Красицького	Подільський район
1075	вул.Олександра Бестужева	Подільський район
1076	вул.Орська	Подільський район
1077	вул.Осиповського	Подільський район
1078	вул.Чигиринська	Подільський район
1079	пров.Золочівський	Подільський район
1080	пров.Межовий	Подільський район
1081	вул.Червонопільська	Подільський район
1082	пров.Биківський	Подільський район
1083	пров.Олександра Бестужева	Подільський район
1084	пров.Чигиринський	Подільський район
1085	вул.Вітряні Гори	Подільський район
1086	вул.Галицька	Подільський район
1087	вул.Западинська	Подільський район
1088	вул.Водників	Подільський район
1089	вул.Лесі Українки (Подільський район)	Подільський район
1090	вул.Лисянська	Подільський район
1091	вул.Лісозахисна	Подільський район
1092	вул.Мліївська	Подільський район
1093	вул.Моринецька	Подільський район
1094	вул.Пуща-Водицька	Подільський район
1095	вул.Ростовська	Подільський район
1096	вул.Сажина	Подільський район
1097	вул.Сошенка	Подільський район
1098	вул.Сухумська	Подільський район
1099	пров.Кобзарський	Подільський район
1100	пров.Моринецький	Подільський район
1101	пров.Пуща-Водицький	Подільський район
1102	вул.Бірюзова	Святошинський район
1103	вул.Булгакова	Святошинський район
1104	вул.Драгомижського	Святошинський район
1105	вул.Качури	Святошинський район
1106	вул.Миру (Святошинський район)	Святошинський район
1107	вул.Симиренка	Святошинський район
1108	вул.Стратонавтів	Святошинський район
1109	вул.Теплична	Святошинський район
1110	вул.Трублаїні	Святошинський район
1111	вул.9Травня	Святошинський район
1112	пров.Качури	Святошинський район
1113	пров.Миру	Святошинський район
1114	просп.Відрадний (Святошинський район)	Святошинський район
1115	просп.Корольова	Святошинський район
1116	вул.Пришвіна	Святошинський район
1117	вул.Жолудєва	Святошинський район
1118	вул.Нова (Святошинський район)	Святошинський район
1119	вул.Сосніних сім’ї	Святошинський район
1120	вул.Кільцева дорога	Святошинський район
1121	вул.Григоровича-Барського	Святошинський район
1122	бульв.Кольцова	Святошинський район
1123	вул.Зодчих	Святошинський район
1124	вул.Литвиненко-Вольгемут	Святошинський район
1125	просп.Леся Курбаса	Святошинський район
1126	вул.Кучера Василя	Святошинський район
1127	вул.Картвелішвілі	Святошинський район
1128	вул.Потапова генерала	Святошинський район
1129	вул.Корольова	Святошинський район
1130	вул.Пшенична	Святошинський район
1131	вул.Авдієнка	Святошинський район
1132	вул.Верховинця Василя	Святошинський район
1133	вул.Гурамішвілі	Святошинський район
1134	вул.Зорге	Святошинський район
1135	вул.Ірчана	Святошинський район
1136	вул.Кузнєцова	Святошинський район
1137	вул.Пухова	Святошинський район
1138	вул.Терещенка	Святошинський район
1139	вул.Узинська	Святошинський район
1140	пров.Жмеринський	Святошинський район
1141	вул.Строкача	Святошинський район
1142	вул.Героїв Космосу	Святошинський район
1143	вул.Рикова	Святошинський район
1144	вул.Юри Гната	Святошинський район
1145	вул.Тулузи	Святошинський район
1146	вул.Якуба Коласа	Святошинський район
1147	бульв.Ромена Роллана	Святошинський район
1148	вул.Жмеринська	Святошинський район
1149	вул.Тухачевського	Святошинський район
1150	вул.Астрономічна	Святошинський район
1151	вул.Бетховена	Святошинський район
1152	вул.Блока	Святошинський район
1153	вул.Єсеніна Сергія	Святошинський район
1154	вул.Калінінська	Святошинський район
1155	вул.Кіровська	Святошинський район
1156	вул.Костюка	Святошинський район
1157	вул.Ленінська	Святошинський район
1158	вул.Міжнародна	Святошинський район
1159	вул.Москворецька	Святошинський район
1160	вул.Перемоги	Святошинський район
1161	вул.Примакова	Святошинський район
1162	вул.Янтарна	Святошинський район
1163	вул.Чаадаєва	Святошинський район
1164	вул.Кіпріанова	Святошинський район
1165	вул.Верховинна	Святошинський район
1166	вул.Котельникова	Святошинський район
1167	вул.Львівська	Святошинський район
1168	вул.Петрицького	Святошинський район
1169	вул.Святошинська	Святошинський район
1170	вул.Відпочинку	Святошинський район
1171	пров.Святошинський	Святошинський район
1172	просп.Перемоги (Святошинський район)	Святошинський район
1173	вул.Кричевського	Святошинський район
1174	вул.Крамського	Святошинський район
1175	вул.Герасименка	Святошинський район
1176	вул.Жовтнева (Катеринівка)	Святошинський район
1177	вул.Чалого	Святошинський район
1178	вул.Шепетівська	Святошинський район
1179	шосе Брест-Литовське	Святошинський район
1180	вул.Живописна	Святошинський район
1181	вул.Брест-Литовське шосе 17 км.	Святошинський район
1182	вул.Бударіна	Святошинський район
1183	вул.Зв’язківців	Святошинський район
1184	вул.Пашківська	Святошинський район
1185	вул.Ситняківська	Святошинський район
1186	вул.Чайківська	Святошинський район
1187	вул.15 км Житомирського шосе	Святошинський район
1188	шосе 19км Житомирського	Святошинський район
1189	вул.Горбачова	Святошинський район
1190	вул.Дружківська	Святошинський район
1191	вул.Кулібіна	Святошинський район
1192	вул.Стрійська	Святошинський район
1193	вул.Червонозаводська	Святошинський район
1194	пров.Кулібіна	Святошинський район
1195	пров.Червонозаводський	Святошинський район
1196	вул.Чистяківська	Святошинський район
1197	вул.Булаховського	Святошинський район
1198	вул.Наумова генерала	Святошинський район
1199	вул.Ушакова	Святошинський район
1200	вул.Підлісна	Святошинський район
1201	вул.Антонова-Овсієнка	Святошинський район
1202	вул.Бонч-Бруєвича	Святошинський район
1203	вул.Букіної	Святошинський район
1204	вул.Бучанська	Святошинський район
1205	вул.Дунаєвського	Святошинський район
1206	вул.Жовтнева (Біличі)	Святошинський район
1207	вул.Колонтай	Святошинський район
1208	вул.Котика	Святошинський район
1209	вул.Коцюбинського (Святошинський район)	Святошинський район
1210	вул.Криленка	Святошинський район
1211	вул.Крушельницького	Святошинський район
1212	вул.Купріна	Святошинський район
1213	вул.Мальовнича	Святошинський район
1214	вул.Маршака	Святошинський район
1215	вул.Обухівська	Святошинський район
1216	вул.Осіння	Святошинський район
1217	вул.Павленка	Святошинський район
1218	вул.Прилужна	Святошинський район
1219	вул.Прорізна (Святошинський район)	Святошинський район
1220	вул.Светлова	Святошинський район
1221	вул.Фадєєва	Святошинський район
1222	вул.Федька	Святошинський район
1223	вул.Шкільна	Святошинський район
1224	пров.Бонч-Бруєвича	Святошинський район
1225	пров.Букіної	Святошинський район
1226	пров.Дунаєвського	Святошинський район
1227	пров.Жовтневий	Святошинський район
1228	пров.Мальовничий	Святошинський район
1229	пров.Маршака	Святошинський район
1230	пров.Осінній	Святошинський район
1231	пров.Павленка	Святошинський район
1232	пров.Фадєєва	Святошинський район
1233	пров.1Маршака	Святошинський район
1234	пров.2Маршака	Святошинський район
1235	пров.3Маршака	Святошинський район
1236	вул.Чорнобильська	Святошинський район
1237	просп.Палладіна	Святошинський район
1238	вул.Уборевича	Святошинський район
1239	вул.Ірпінська	Святошинський район
1240	вул.Бахмацька	Святошинський район
1241	вул.Брусилівська	Святошинський район
1242	вул.Гаршина	Святошинський район
1243	вул.Гостомельська	Святошинський район
1244	вул.Димерська	Святошинський район
1245	вул.Кам’янець-Подільська	Святошинський район
1246	вул.Коростенська	Святошинський район
1247	вул.Корсунська	Святошинський район
1248	вул.Лісорубна	Святошинський район
1249	вул.Малинська	Святошинський район
1250	вул.Рахманінова	Святошинський район
1251	вул.Робітнича (Святошинський район)	Святошинський район
1252	вул.Рокитнянська	Святошинський район
1253	вул.Рубежівська	Святошинський район
1254	вул.Соснова (Святошинський район)	Святошинський район
1255	вул.Таращанська	Святошинський район
1256	вул.Юнацька	Святошинський район
1257	пров.Кам’янець-Подільський	Святошинський район
1258	пров.Малинський	Святошинський район
1259	пров.Робітничий	Святошинський район
1260	пров.Рубежівський	Святошинський район
1261	пров.Таращанський	Святошинський район
1262	вул.Клавдіївська	Святошинський район
1263	вул.Олевська	Святошинський район
1264	пров.Приладний	Святошинський район
1265	вул.Пушиної Феодори	Святошинський район
1266	бульв.Вернадського	Святошинський район
1267	вул.Доброхотова	Святошинський район
1268	вул.Біличанська	Святошинський район
1269	вул.Стуса Василя	Святошинський район
1270	вул.Святошинська площа	Святошинський район
1271	вул.Семашка	Святошинський район
1272	вул.Залізняка Максима	Святошинський район
1273	вул.Вітрука генерала	Святошинський район
1274	вул.Депутатська	Святошинський район
1275	вул.Краснова	Святошинський район
1276	вул.Сільська	Святошинський район
1277	вул.Яснополянська	Святошинський район
1278	вул.Серпова	Святошинський район
1279	вул.Тернопільська	Святошинський район
1280	пров.Кремінецький	Святошинський район
1281	вул.Алексухина	Святошинський район
1282	вул.Звенигородська	Святошинський район
1283	вул.Огарьова	Святошинський район
1284	вул.Оніскевича	Святошинський район
1285	вул.Пантелькіна	Святошинський район
1286	вул.Степанченка Василя	Святошинський район
1287	вул.Улітіна	Святошинський район
1288	вул.Хмельницька	Святошинський район
1289	пров.Бородянський	Святошинський район
1290	вул.Туполєва	Святошинський район
1291	вул.Берковецька	Святошинський район
1292	вул.Садова 21	Святошинський район
1293	вул.Садова 23	Святошинський район
1294	вул.Синьоозерна	Святошинський район
1295	вул.Амосова	Солом’янський район
1296	вул.Божків Яр	Солом’янський район
1297	вул.Гайова	Солом’янський район
1298	вул.Зенітна	Солом’янський район
1299	вул.Клінічна	Солом’янський район
1300	вул.Над’ярна	Солом’янський район
1301	вул.Нечуя-Левицького	Солом’янський район
1302	вул.Семенівська	Солом’янський район
1303	вул.Солом’янська	Солом’янський район
1304	вул.Траншейна	Солом’янський район
1305	вул.Шпильова	Солом’янський район
1306	вул.Яслинська	Солом’янський район
1307	пров.Клінічний	Солом’янський район
1308	вул.Гаврилюка	Солом’янський район
1309	вул.Заломова Петра	Солом’янський район
1310	вул.Кобилянської Ольги	Солом’янський район
1311	вул.Народна	Солом’янський район
1312	вул.Саврасова	Солом’янський район
1313	вул.Скрипника Миколи	Солом’янський район
1314	вул.Університетська	Солом’янський район
1315	пров.Кобилянської Ольги	Солом’янський район
1316	пров.Новонародний	Солом’янський район
1317	пров.Оборонний	Солом’янський район
1318	пров.Устимівський	Солом’янський район
1319	вул.Дежнєва	Солом’янський район
1320	вул.Кіровоградська (Солом’янський район)	Солом’янський район
1321	вул.Куп’янська	Солом’янський район
1322	вул.Лисичанська	Солом’янський район
1323	вул.Медвинська	Солом’янський район
1324	вул.Монтажників	Солом’янський район
1325	вул.Травнева	Солом’янський район
1326	пров.Дежнєва	Солом’янський район
1327	пров.Лисичанський	Солом’янський район
1328	пров.Травневий	Солом’янський район
1329	вул.Добросусідська	Солом’янський район
1330	вул.Заповітна	Солом’янський район
1331	вул.Згурівська	Солом’янський район
1332	вул.Каменярів	Солом’янський район
1333	вул.Колоскова	Солом’янський район
1334	вул.Кринична (Солом’янський район)	Солом’янський район
1335	вул.Кругла	Солом’янський район
1336	вул.Крутогірна	Солом’янський район
1337	вул.Луганська	Солом’янський район
1338	вул.Мостова (Солом’янський район)	Солом’янський район
1339	вул.Охтирська	Солом’янський район
1340	вул.Похила	Солом’янський район
1341	вул.Пржевальського	Солом’янський район
1342	вул.Рибна	Солом’янський район
1343	вул.Сигнальна	Солом’янський район
1344	вул.Словечанська	Солом’янський район
1345	вул.Сумська	Солом’янський район
1346	вул.Федьковича	Солом’янський район
1347	вул.Червона	Солом’янський район
1348	вул.Яблунева	Солом’янський район
1349	вул.Ясна	Солом’янський район
1350	пров.Добросусідський	Солом’янський район
1351	пров.Заповітний	Солом’янський район
1352	пров.Каменярів	Солом’янський район
1353	пров.Мостовий	Солом’янський район
1354	пров.Рибний	Солом’янський район
1355	пров.Федьковича	Солом’янський район
1356	пров.Червоний	Солом’янський район
1357	пров.Яблуневий	Солом’янський район
1358	пров.Ясний	Солом’янський район
1359	просп.Червонозоряний (Солом’янський район)	Солом’янський район
1360	вул.Головка Андрія	Солом’янський район
1361	вул.Клименка Івана	Солом’янський район
1362	вул.Азовська	Солом’янський район
1363	вул.Гаріна Бориса	Солом’янський район
1364	вул.Громової Уляни	Солом’янський район
1365	вул.Донська	Солом’янський район
1366	вул.Кишинівська	Солом’янський район
1367	вул.Можайська	Солом’янський район
1368	вул.Олексіївська	Солом’янський район
1369	вул.Пироговського Олександра	Солом’янський район
1370	вул.Радченка Петра	Солом’янський район
1371	вул.Совки	Солом’янський район
1372	вул.Архітекторська	Солом’янський район
1373	вул.Василівська	Солом’янський район
1374	вул.Гайсинська	Солом’янський район
1375	вул.Оборонна	Солом’янський район
1376	пров.Гучний	Солом’янський район
1377	пров.Донський	Солом’янський район
1378	пров.Народний	Солом’янський район
1379	пров.Теремківський	Солом’янський район
1380	вул.Білгородська	Солом’янський район
1381	вул.Червонопартизанська	Солом’янський район
1382	вул.Горовиця Олександра	Солом’янський район
1383	вул.Златопільська	Солом’янський район
1384	вул.Озерна (Солом’янка)	Солом’янський район
1385	вул.Кривоноса Максима	Солом’янський район
1386	вул.Освіти	Солом’янський район
1387	вул.Космодем’янської Зої	Солом’янський район
1388	пров.Кривоноса Максима	Солом’янський район
1389	вул.Антонова	Солом’янський район
1390	вул.Соціалістична	Солом’янський район
1391	просп.Повітрофлотський	Солом’янський район
1392	бульв.Чоколівський	Солом’янський район
1393	вул.Вузівська	Солом’янський район
1394	вул.Донецька	Солом’янський район
1395	вул.Смілянська	Солом’янський район
1396	вул.Мартиросяна	Солом’янський район
1397	вул.Мішина Михайла	Солом’янський район
1398	пров.Очаківський	Солом’янський район
1399	вул.Карпинського	Солом’янський район
1400	вул.Васильченка	Солом’янський район
1401	вул.Глінки	Солом’янський район
1402	вул.Новгородська	Солом’янський район
1403	вул.Ушинського	Солом’янський район
1404	вул.Святославська	Солом’янський район
1405	вул.Волинська	Солом’янський район
1406	вул.Молодогвардійська	Солом’янський район
1407	вул.Вінницька	Солом’янський район
1408	вул.Кінцева	Солом’янський район
1409	вул.Медова	Солом’янський район
1410	вул.Народного ополчення	Солом’янський район
1411	вул.Ернста	Солом’янський район
1412	вул.Керченська	Солом’янський район
1413	вул.Очаківська	Солом’янський район
1414	вул.Єреванська	Солом’янський район
1415	вул.Пітерська	Солом’янський район
1416	вул.Іскрівська	Солом’янський район
1417	вул.Петровського (Солом’янський район)	Солом’янський район
1418	вул.Міцкевича Адама	Солом’янський район
1419	вул.Уманська	Солом’янський район
1420	вул.Козицького Пилипа	Солом’янський район
1421	вул.Курська	Солом’янський район
1422	вул.Ніщинського Петра	Солом’янський район
1423	вул.Фучика Юліуса	Солом’янський район
1424	вул.Богданівська	Солом’янський район
1425	вул.Сурикова	Солом’янський район
1426	вул.Тополева	Солом’янський район
1427	вул.Шовкуненка	Солом’янський район
1428	вул.Вчительська	Солом’янський район
1429	вул.Героїв війни	Солом’янський район
1430	вул.Комсомольська (Жуляни)	Солом’янський район
1431	вул.Леніна (Жуляни)	Солом’янський район
1432	вул.Лугова (Солом’янський район)	Солом’янський район
1433	вул.Мічуріна (Солом’янський район)	Солом’янський район
1434	вул.Молодіжна	Солом’янський район
1435	вул.Московська (Солом’янський район)	Солом’янський район
1436	вул.Набережна	Солом’янський район
1437	вул.Ново-Мічуринська	Солом’янський район
1438	вул.Повітрофлотська	Солом’янський район
1439	вул.Совська	Солом’янський район
1440	вул.Стадіонна(Жуляни)	Солом’янський район
1441	вул.Шкільна (Жуляни)	Солом’янський район
1442	пров.Московський	Солом’янський район
1443	вул.Ватутіна	Солом’янський район
1444	вул.Гоголя (Солом’янський район)	Солом’янський район
1445	вул.Горького (Солом’янський район)	Солом’янський район
1446	вул.Київська	Солом’янський район
1447	вул.Кооперативна	Солом’янський район
1448	вул.Котляревського	Солом’янський район
1449	вул.Маркса Карла	Солом’янський район
1450	вул.Медична	Солом’янський район
1451	вул.Нова (Солом’янський район)	Солом’янський район
1452	вул.Радянська	Солом’янський район
1453	вул.Робітнича (Солом’янський район)	Солом’янський район
1454	вул.Садова (Солом’янський район)	Солом’янський район
1455	вул.Шевченка (Солом’янський район)	Солом’янський район
1456	пров.Радянський (Солом’янський район)	Солом’янський район
1457	пров.Садовий	Солом’янський район
1458	пров.Шевченка (Солом’янський район)	Солом’янський район
1459	вул.Пулюя Івана	Солом’янський район
1460	вул.Кадетський Гай	Солом’янський район
1461	вул.Островського Миколи	Солом’янський район
1462	вул.Стадіонна	Солом’янський район
1463	вул.Урицького	Солом’янський район
1464	пров.Островського Миколи	Солом’янський район
1465	вул.Волгоградська	Солом’янський район
1466	вул.Агітаторська	Солом’янський район
1467	вул.Громадська	Солом’янський район
1468	вул.Докучаєвська	Солом’янський район
1469	вул.Дружня	Солом’янський район
1470	вул.Кондукторська	Солом’янський район
1471	вул.Локомотивна	Солом’янський район
1472	вул.Неходи Івана	Солом’янський район
1473	вул.Організаторська	Солом’янський район
1474	вул.Привітна	Солом’янський район
1475	вул.Провідницька	Солом’янський район
1476	вул.Радісна	Солом’янський район
1477	вул.Федосєєва	Солом’янський район
1478	вул.Городня	Солом’янський район
1479	вул.Грінченка Миколи	Солом’янський район
1480	вул.Нововокзальна	Солом’янський район
1481	вул.Протасів Яр	Солом’янський район
1482	пров.Докучаєвський	Солом’янський район
1483	вул.Енергетиків	Солом’янський район
1484	вул.Красикова Петра	Солом’янський район
1485	вул.Краснодонська	Солом’янський район
1486	вул.Кудряшова	Солом’янський район
1487	вул.Роздільна	Солом’янський район
1488	пров.Енергетиків	Солом’янський район
1489	пров.Кудряшова	Солом’янський район
1490	вул.Калінінградська	Солом’янський район
1491	пров.Богданівський	Солом’янський район
1492	вул.Брюлова	Солом’янський район
1493	вул.Вокзальна	Солом’янський район
1494	вул.Лукашевича Миколи	Солом’янський район
1495	вул.Платонівська	Солом’янський район
1496	вул.Фурманова	Солом’янський район
1497	вул.Кавказька	Солом’янський район
1498	вул.Кубанська	Солом’янський район
1499	вул.Механізаторів	Солом’янський район
1500	пров.Рощинський	Солом’янський район
1501	вул.Виборзька	Солом’янський район
1502	вул.Металістів	Солом’янський район
1503	вул.Янгеля	Солом’янський район
1504	вул.Борщагівська (Солом’янський район)	Солом’янський район
1505	вул.Дашавська	Солом’янський район
1506	вул.Залізнична	Солом’янський район
1507	вул.Польова (Солом’янський район)	Солом’янський район
1508	пров.Індустріальний	Солом’янський район
1509	пров.Ковальський	Солом’янський район
1510	вул.Боткіна	Солом’янський район
1511	вул.Політехнічна (Солом’янський район)	Солом’янський район
1512	просп.Перемоги (Солом’янський район)	Солом’янський район
1513	вул.Гетьмана Вадима	Солом’янський район
1514	вул.Смоленська	Солом’янський район
1515	пров.Польовий	Солом’янський район
1516	вул.Машинобудівна	Солом’янський район
1517	вул.Тупикова	Солом’янський район
1518	пров.Машинобудівний	Солом’янський район
1519	вул.Дністровська	Солом’янський район
1520	вул.Деснянська (Солом’янський район)	Солом’янський район
1521	пров.Металістів	Солом’янський район
1522	вул.Гарматна	Солом’янський район
1523	вул.Василенка Миколи	Солом’янський район
1524	вул.Козелецька	Солом’янський район
1525	пров.Чугуївський	Солом’янський район
1526	вул.Шутова	Солом’янський район
1527	пров.Виборзький	Солом’янський район
1528	вул.Західна	Солом’янський район
1529	бульв.Лепсе Івана	Солом’янський район
1530	просп.Комарова	Солом’янський район
1531	вул.Героїв Севастополя	Солом’янський район
1532	вул.Каблукова	Солом’янський район
1533	вул.Метробудівська	Солом’янський район
1534	вул.Чумака Василя	Солом’янський район
1535	вул.Білецького	Солом’янський район
1536	вул.Стражеска	Солом’янський район
1537	вул.Донця Михайла	Солом’янський район
1538	просп.Відрадний (Солом’янський район)	Солом’янський район
1539	вул.Далека	Солом’янський район
1540	вул.Добрузька	Солом’янський район
1541	вул.Качалова	Солом’янський район
1542	вул.Потебні	Солом’янський район
1543	вул.Райніса Яна	Солом’янський район
1544	вул.Новопольова	Солом’янський район
1545	вул.Пост-Волинська	Солом’янський район
1546	вул.Шепелєва Миколи	Солом’янський район
1547	вул.Газова	Солом’янський район
1548	вул.Зелена	Солом’янський район
1549	вул.Знам’янська	Солом’янський район
1550	вул.Патріотів	Солом’янський район
1551	вул.Постова	Солом’янський район
1552	вул.Суздальська	Солом’янський район
1553	вул.Танкістів	Солом’янський район
1554	вул.Галана Ярослава	Солом’янський район
1555	вул.Залісна	Солом’янський район
1556	вул.Кар’єрна	Солом’янський район
1557	вул.Карпатська	Солом’янський район
1558	вул.Миронівська	Солом’янський район
1559	вул.Одеська	Солом’янський район
1560	вул.Паустовського	Солом’янський район
1561	вул.Планерна	Солом’янський район
1562	вул.Попельнянська	Солом’янський район
1563	вул.Чернишевського	Солом’янський район
1564	вул.Чернівецька	Солом’янський район
1565	вул.Ніжинська	Солом’янський район
1566	вул.Бориславська	Солом’янський район
1567	вул.Піддубного Івана	Солом’янський район
1568	вул.Лебедєва-Кумача	Солом’янський район
1569	вул.Слов’янська	Солом’янський район
1570	вул.Леванєвського	Солом’янський район
1571	вул.Долинна	Солом’янський район
1572	вул.Караваєва	Солом’янський район
1573	вул.Комбайнерів	Солом’янський район
1574	вул.Тутковського	Солом’янський район
1575	вул.Яблонської Тетяни	Солом’янський район
1576	вул.Іринінська	Шевченківський район
1577	вул.Мала Житомирська	Шевченківський район
1578	вул.Малопідвальна	Шевченківський район
1579	вул.Софіївська	Шевченківський район
1580	вул.Тарасової Алли	Шевченківський район
1581	вул.Хрещатик (Шевченківський район)	Шевченківський район
1582	пров.Михайлівський	Шевченківський район
1583	пров.Шевченка Тараса	Шевченківський район
1584	вул.Володимирська (Шевченківський район)	Шевченківський район
1585	вул.Костьольна	Шевченківський район
1586	вул.Михайлівська	Шевченківський район
1587	вул.Трьохсвятительська	Шевченківський район
1588	вул.Грінченка Бориса	Шевченківський район
1589	вул.Паторжинського	Шевченківський район
1590	вул.Прорізна (Шевченківський район)	Шевченківський район
1591	вул.Пушкінська	Шевченківський район
1592	вул.Золотоворітська	Шевченківський район
1593	вул.Рейтарська	Шевченківський район
1594	вул.Ярославів Вал	Шевченківський район
1595	бульв.Шевченка Тараса	Шевченківський район
1596	вул.Хмельницького Богдана	Шевченківський район
1597	вул.Велика Житомирська	Шевченківський район
1598	вул.Десятинна	Шевченківський район
1599	вул.Стрілецька	Шевченківський район
1600	вул.Стрітенська	Шевченківський район
1601	пров.Георгіївський	Шевченківський район
1602	пров.Десятинний	Шевченківський район
1603	пров.Рильський	Шевченківський район
1604	вул.Терещенківська	Шевченківський район
1605	вул.Толстого Льва	Шевченківський район
1606	вул.Червоноармійська (Шевченківський район)	Шевченківський район
1607	вул.Леонтовича	Шевченківський район
1608	вул.Лисенка	Шевченківський район
1609	вул.Франка Івана	Шевченківський район
1610	вул.Коцюбинського Михайла	Шевченківський район
1611	вул.Пирогова	Шевченківський район
1612	вул.Гончара Олеся	Шевченківський район
1613	вул.Чапаєва (Шевченківський район)	Шевченківський район
1614	вул.Воровського (Шевченківський район)	Шевченківський район
1615	вул.Кудрявська	Шевченківський район
1616	вул.Смирнова-Ласточкіна	Шевченківський район
1617	пров.Нестерівський	Шевченківський район
1618	узвіз Кудрявський	Шевченківський район
1619	вул.Гоголівська	Шевченківський район
1620	пров.Чеховський	Шевченківський район
1621	пров.Бєлінського	Шевченківський район
1622	вул.Вєтрова	Шевченківський район
1623	вул.Жилянська (Шевченківський район)	Шевченківський район
1624	вул.Саксаганського (Шевченківський район)	Шевченківський район
1625	вул.Симона Петлюри	Шевченківський район
1626	вул.Старовокзальна	Шевченківський район
1627	вул.Артема	Шевченківський район
1628	вул.Обсерваторна	Шевченківський район
1629	пл.Львівська	Шевченківський район
1630	вул.Коцюбинського Юрія	Шевченківський район
1631	вул.Дмитрівська	Шевченківський район
1632	вул.Золотоустівська	Шевченківський район
1633	вул.Тургенєвська	Шевченківський район
1634	вул.Некрасівська	Шевченківський район
1635	пров.Бехтерєвський	Шевченківський район
1636	вул.Павлівська	Шевченківський район
1637	вул.Дончука Василя	Шевченківський район
1638	вул.Пимоненка Миколи	Шевченківський район
1639	вул.Полтавська	Шевченківський район
1640	вул.Студентська	Шевченківський район
1641	вул.Річна	Шевченківський район
1642	вул.Чорновола В’ячеслава	Шевченківський район
1643	просп.Перемоги (Шевченківський район)	Шевченківський район
1644	вул.Лук’янівська	Шевченківський район
1645	вул.Олегівська	Шевченківський район
1646	вул.Соляна	Шевченківський район
1647	вул.Трудова	Шевченківський район
1648	вул.Глібова	Шевченківський район
1649	вул.Кравченка Миколи	Шевченківський район
1650	вул.Андрющенка Григорія	Шевченківський район
1651	вул.Коперника	Шевченківський район
1652	вул.Рибалка Маршала	Шевченківський район
1653	вул.Шолуденка	Шевченківський район
1654	вул.Молдавська	Шевченківський район
1655	вул.Білоруська	Шевченківський район
1656	вул.Дегтярівська	Шевченківський район
1657	вул.Мельникова	Шевченківський район
1658	вул.Печенізька	Шевченківський район
1659	вул.Підгірна	Шевченківський район
1660	вул.Татарська	Шевченківський район
1661	вул.Стара Поляна	Шевченківський район
1662	вул.Шмідта Отто	Шевченківський район
1663	пров.Татарський	Шевченківський район
1664	вул.Половецька	Шевченківський район
1665	вул.Багговутівська	Шевченківський район
1666	вул.Нагірна	Шевченківський район
1667	пров.Квітучий	Шевченківський район
1668	вул.Зоологічна	Шевченківський район
1669	вул.Якіра	Шевченківський район
1670	вул.Лермонтовська	Шевченківський район
1671	вул.Довнар-Запольського	Шевченківський район
1672	вул.Василевської Ванди	Шевченківський район
1673	вул.Кирило-Мефодіївська	Шевченківський район
1674	вул.Старокиївська	Шевченківський район
1675	вул.Ярмоли Віктора	Шевченківський район
1676	пров.Старокиївський	Шевченківський район
1677	вул.Шулявська	Шевченківський район
1678	пров.Брест-Литовський	Шевченківський район
1679	пров.Тбіліський	Шевченківський район
1680	вул.Борщагівська (Шевченківський район)	Шевченківський район
1681	вул.Політехнічна (Шевченківський район)	Шевченківський район
1682	пров.Політехнічний	Шевченківський район
1683	вул.Ісаакяна	Шевченківський район
1684	вул.Тимофеєвої Галі	Шевченківський район
1685	вул.Сім’ї Хохлових	Шевченківський район
1686	вул.Герцена	Шевченківський район
1687	вул.Овруцька	Шевченківський район
1688	вул.Платона Майбороди	Шевченківський район
1689	вул.Макарівська	Шевченківський район
1690	вул.Пугачова	Шевченківський район
1691	вул.Мурашка Миколи	Шевченківський район
1692	вул.Тропініна	Шевченківський район
1693	пров.Делегатський	Шевченківський район
1694	пров.Нагірний	Шевченківський район
1695	пров.Тропініна	Шевченківський район
1696	пров.Шишкінський	Шевченківський район
1697	вул.Бакинська	Шевченківський район
1698	вул.Бугорна	Шевченківський район
1699	вул.Ольжича	Шевченківський район
1700	вул.Полянська	Шевченківський район
1701	вул.Теліги Олени	Шевченківський район
1702	вул.Чаплигіна	Шевченківський район
1703	пров.Бакинський	Шевченківський район
1704	пров.Бугорний	Шевченківський район
1705	пров.Вишневий	Шевченківський район
1706	пров.Полянський	Шевченківський район
1707	пров.Чаплигіна	Шевченківський район
1708	вул.Грозненська	Шевченківський район
1709	вул.Академіка Грекова	Шевченківський район
1710	вул.Щусєва	Шевченківський район
1711	вул.Берлинського Максима	Шевченківський район
1712	вул.Подвойського	Шевченківський район
1713	вул.Вавилових	Шевченківський район
1714	вул.Бердянська	Шевченківський район
1715	вул.Житкова	Шевченківський район
1716	вул.Котовського (Шевченківський район)	Шевченківський район
1717	вул.Ясногірська	Шевченківський район
1718	пров.Бердянський	Шевченківський район
1719	вул.Тираспільська	Шевченківський район
1720	вул.Орловська	Шевченківський район
1721	вул.Ризька	Шевченківський район
1722	пров.Орловський	Шевченківський район
1723	пров.Щусєва	Шевченківський район
1724	вул.Дорогожицька	Шевченківський район
1725	вул.Шамрила Тимофія	Шевченківський район
1726	вул.Гонти Івана	Шевченківський район
1727	вул.Жамбила Жабаєва	Шевченківський район
1728	вул.Новоукраїнська	Шевченківський район
1729	вул.Руданського	Шевченківський район
1730	вул.Танкова	Шевченківський район
1731	вул.Українська	Шевченківський район
1732	вул.Желябова	Шевченківський район
1733	вул.Перовської Софії	Шевченківський район
1734	вул.Шевцова	Шевченківський район
1735	вул.Довженка Олександра	Шевченківський район
1736	вул.Потьє Ежена	Шевченківський район
1737	вул.Шпака	Шевченківський район
1738	вул.Лагерна	Шевченківський район
1739	пров.Артилерійський	Шевченківський район
1740	вул.Баумана	Шевченківський район
1741	вул.Калинова	Шевченківський район
1742	вул.Краснодарська	Шевченківський район
1743	вул.Магістральна	Шевченківський район
1744	вул.Саратовська	Шевченківський район
1745	вул.Сонячна	Шевченківський район
1746	вул.Толбухіна	Шевченківський район
1747	вул.Цулукідзе	Шевченківський район
1748	вул.Черкаська	Шевченківський район
1749	пров.Баумана	Шевченківський район
1750	пров.Толбухіна	Шевченківський район
1751	вул.Муромська	Шевченківський район
1752	вул.Піка Вільгельма	Шевченківський район
1753	вул.Салютна	Шевченківський район
1754	пров.Салютний	Шевченківський район
1755	вул.Ставропольська	Шевченківський район
1756	вул.Тешебаєва	Шевченківський район
1757	пров.Ружинський	Шевченківський район
1758	пров.Ставропольський	Шевченківський район
1759	вул.Уссурійська	Шевченківський район
1760	пров.Уссурійський	Шевченківський район
1761	вул.Щербакова	Шевченківський район
1762	вул.Естонська	Шевченківський район
1763	вул.Кирпоноса	Шевченківський район
1764	вул.Черняховського	Шевченківський район
1765	вул.Шаумяна	Шевченківський район
1766	вул.Цюрупинська	Шевченківський район
1767	вул.Бабушкіна	Шевченківський район
1768	вул.Блюхера	Шевченківський район
1769	вул.Стеценка (Шевченківський район)	Шевченківський район
1770	вул.Академіка Туполєва	Шевченківський район
1771	пров.Естонський	Шевченківський район
1772	пров.Овочевий	Шевченківський район
1773	вул.Балакліївська	Шевченківський район
1774	вул.Гончарова	Шевченківський район
1775	вул.Невська	Шевченківський район
1776	вул.Олександрівська	Шевченківський район
1777	пров.Невський	Шевченківський район
1778	пров.Щербакова	Шевченківський район
